Name,GEOID,totalPp,landAre,density,collgRt,uaType,lsadTyp,nps_tr_,fs_trl_,ttl_trl,Start,Nordic1,Coords1,Nordic2,Coords2,Nordic3,Coords3,nrdc1_t,nrdc2_t,nrdc3_t
"Minneapolis--St. Paul, MN--WI",57628,2437965,1021.84,2386,27%,U,75,0,0,0,"-93.2805185271093, 44.9782901893264",CIty Parks?,"-93.2650108, 44.977753",Eldora,"-105.5826786, 39.9372203",Devil's Thumb,"-105.7842685, 39.9663313",7.533333333,866.2833333,866.2833333
"Spokane, WA",83764,356753,164.28,2172,17%,U,75,0,10,10,"-117.353182704276, 47.6800148772572",Mountain Gear,"-117.3226638, 47.678368",49 Degrees,"-117.5629318, 48.3011041",Jug Mountain,"-116.0479775, 44.8329387",10.38333333,76.38333333,76.38333333
"Pittsfield, MA",69778," 51,380 ",33.50,1534,15%,U,75,0,4,4,"-73.2187601859322, 42.4800034951175",Notchview,"-73.1588148, 42.4764367",Prospect,"-73.077599, 42.875404",Pineridge,"-73.4677841, 42.6909853",11,66,66
"Bend, OR",6868," 76,017 ",39.72,1914,22%,U,75,1,184,185,"-121.312390052858, 44.0489193494386",Mt Bachelor,"-121.405239, 43.9971703",Teacup Nordic,"-121.6422905, 45.3136991",Mt Shasta,"-122.181241, 41.317558",12,140,140
"Salt Lake City--West Valley City, UT",78499,940865,277.88,3386,20%,U,75,0,11,11,"-111.926674288236, 40.6382649271826",Mountain Dell,"-111.9114578, 40.7552338",Sundance,"-111.5785537, 40.3914719",Soldier Hollow,"-111.5011363, 40.4808987",14.86666667,56.5,56.5
"Burlington, VT",11755," 109,727 ",61.76,1777,27%,U,75,0,7,7,"-73.1618890653367, 44.4810237176481",Catamount,"-73.048714, 44.447395",Sleepy Hollow,"-73.029276, 44.352089",Rikert,"-72.991087, 43.954787",20,40,40
"Boise City, ID",8785,300309,133.57,2248,24%,U,75,2,22,24,"-116.290519026866, 43.6179234684827",Bogus Basin,"-116.2058992, 43.6433908",Jug Mountain,"-116.0479775, 44.8329387",Galena Lodge,"-114.6550743, 43.8720784",20.45,136.6333333,136.6333333
"Boston, MA--NH--RI",9271,4084553,1873.45,2180,24%,U,75,0,1,1,"-71.1419059839264, 42.3739599846109",Weston,"-71.2679762, 42.3316045",Great Brook,"-71.3528633, 42.5564104",Wolfeboro XC,"-71.2152225, 43.5847667",21.98333333,45.13333333,45.13333333
"Bozeman, MT",9514," 34,810 ",19.48,1787,30%,C,76,20,9,29,"-111.056973899382, 45.6848470425538",Crosscut,"-110.887706, 45.828366",Lone Mountain,"-111.3245968, 45.2769552",Rendezvous,"-111.1041092, 44.6621493",26,68,68
"Provo--Orem, UT",72559,339132,168.90,2008,26%,U,75,0,26,26,"-111.729762057204, 40.2758987967777",Sundance,"-111.5785537, 40.3914719",Soldier Hollow,"-111.5011363, 40.4808987",Mountain Dell,"-111.9114578, 40.7552338",29,44.56666667,44.56666667
"Rome, NY",76231," 30,644 ",21.72,1411,12%,C,76,0,0,0,"-75.4429372411321, 43.2326015473857",Osceola,"-75.5978854, 43.4627838",Osceola Ski and Sport,"-75.7016595, 43.5060069",Parc de la Gatineau,"-75.7724649, 45.4612618",34,42,42
"Coeur d'Alene, ID",18451," 85,944 ",47.25,1819,17%,U,75,0,14,14,"-116.848823192264, 47.7237083494912",Mountain Gear,"-117.3226638, 47.678368",49 Degrees,"-117.5629318, 48.3011041",Jug Mountain,"-116.0479775, 44.8329387",34,101,101
"Nampa, ID",60976," 115,189 ",69.39,1660,10%,U,75,0,16,16,"-116.608577106909, 43.615358612473",Bogus Basin,"-116.2058992, 43.6433908",Jug Mountain,"-116.0479775, 44.8329387",Galena Lodge,"-114.6550743, 43.8720784",34,147,147
"Portland, ME",71263,194905,136.15,1432,25%,U,75,0,7,7,"-70.3242906610551, 43.6630432998542",Harris Farm,"-70.5744266, 43.5288109",Rangeley Lakes,"-70.561212, 44.9557018",Carter's,"-70.7861165, 44.4664298",38.06666667,163.95,163.95
"Kingston, NY",45262," 53,330 ",42.84,1245,14%,U,75,39,0,39,"-74.0158209610189, 41.9478584199144",Mohonk Mountain,"-74.1364747, 41.7776369",Mountain Trails,"-74.142554, 42.195406",Fahnestock,"-73.8246946, 41.4662118",40,42,42
"Wenatchee, WA",93862," 60,058 ",31.42,1912,13%,U,75,0,56,56,"-120.290086999048, 47.4228443672974",Leavenworth,"-120.6703006, 47.5784587",Methow Trails,"-120.1823871, 48.4762676",Stevens Pass,"-121.0902877, 47.7451493",40,122,122
"South Lake Tahoe, CA--NV",83305," 31,348 ",16.68,1879,18%,C,76,0,32,32,"-119.987462427568, 38.9131732164099",Hope Valley,"-119.9088482, 38.7379421",Kirkwood XC,"-120.0722442, 38.7023082",Tahoe,"-120.1061923, 39.1972293",40,53,53
"Ogden--Layton, UT",64945,478333,217.73,2197,20%,U,75,0,9,9,"-111.985805595165, 41.1401927352571",Mountain Dell,"-111.9114578, 40.7552338",Sundance,"-111.5785537, 40.3914719",Soldier Hollow,"-111.5011363, 40.4808987",44.76666667,97.33333333,97.33333333
"Nashua, NH--MA",61165,199188,182.23,1093,24%,U,75,0,1,1,"-71.4458837025268, 42.8196222747793",Great Brook,"-71.3528633, 42.5564104",Weston,"-71.2679762, 42.3316045",Gunstock,"-71.3588827, 43.550139",46.55,73.23333333,73.23333333
"Concord, NH",19531,47988,34.09,1408,19%,C,76,0,6,6,"-71.552729226664, 43.2228038479258",Gunstock,"-71.3588827, 43.550139",Great Brook,"-71.3528633, 42.5564104",Bretton Woods,"-71.4379694, 44.2544692",49.86666667,111.1666667,111.1666667
"Torrington, CT",88192,35367,25.16,1406,13%,C,76,0,0,0,"-73.096684270727, 41.8403480760273",Maple Corner,"-72.9596669, 42.1263221",Notchview,"-73.1588148, 42.4764367",Prospect,"-73.077599, 42.875404",50.91666667,87.81666667,87.81666667
"Portsmouth, NH--ME",71506,50567,92.65,546,28%,U,75,0,0,0,"-70.8143903213894, 43.0407809473772",Harris Farm,"-70.5744266, 43.5288109",Purity Spring,"-71.0889018, 43.8680791",Wolfeboro XC,"-71.2152225, 43.5847667",52.85,87.88333333,87.88333333
"Carson City, NV",14158,61596,23.09,2668,12%,U,75,0,34,34,"-119.753133027288, 39.155558762073",Hope Valley,"-119.9088482, 38.7379421",Tahoe,"-120.1061923, 39.1972293",Kirkwood XC,"-120.0722442, 38.7023082",53.5,67.6,67.6
"Boulder, CO",9298,113360,32.45,3494,34%,U,75,39,55,94,"-105.237914117653, 40.0289882292618",Eldora,"-105.5826786, 39.9372203",Devil's Thumb,"-105.7842685, 39.9663313",Snow Mountain Ranch,"-105.9394597, 40.086097",56.61666667,128.3833333,128.3833333
"Utica, NY",89785,113389,62.40,1817,13%,U,75,0,0,0,"-75.2753582498685, 43.0949627337311",Osceola,"-75.5978854, 43.4627838",Osceola Ski and Sport,"-75.7016595, 43.5060069",Parc de la Gatineau,"-75.7724649, 45.4612618",59.13333333,65.83333333,65.83333333
"Manchester, NH",53740,148016,86.23,1716,19%,U,75,0,1,1,"-71.4800949615133, 42.9907680260356",Great Brook,"-71.3528633, 42.5564104",Gunstock,"-71.3588827, 43.550139",Weston,"-71.2679762, 42.3316045",60.33333333,65.78333333,65.78333333
"Springfield, MA--CT",83926,579848,348.56,1664,16%,U,75,0,3,3,"-72.5743925757509, 42.125548968133",Northfield Mountain,"-72.471313, 42.610827",Grafton,"-72.6146009, 43.162418",Maple Corner,"-72.9596669, 42.1263221",61.48333333,107.3333333,107.3333333
"Worcester, MA--CT",97291,446665,304.20,1468,20%,U,75,0,0,0,"-71.7946560644468, 42.1859962141386",Great Brook,"-71.3528633, 42.5564104",Eastman,"-72.1200467, 43.4982771",Weston,"-71.2679762, 42.3316045",61.71666667,147.9666667,147.9666667
"Syracuse, NY",86302,402199,194.93,2063,18%,U,75,0,1,1,"-76.1640814988581, 43.0901929604679",Osceola Ski and Sport,"-75.7016595, 43.5060069",Osceola,"-75.5978854, 43.4627838",Parc de la Gatineau,"-75.7724649, 45.4612618",62.08333333,70.03333333,70.03333333
"New Bedford, MA",61786,148952,55.14,2701,12%,U,75,0,0,0,"-70.9379245292862, 41.6752289133191",Weston,"-71.2679762, 42.3316045",Great Brook,"-71.3528633, 42.5564104",Wolfeboro XC,"-71.2152225, 43.5847667",63.3,93.75,93.75
"Lewiston, ME",49339,50849,35.40,1436,12%,U,75,0,0,0,"-70.1828722552291, 44.0818358713696",Harris Farm,"-70.5744266, 43.5288109",Rangeley Lakes,"-70.561212, 44.9557018",Quarry Road,"-69.6579825, 44.5828526",64.13333333,129.9833333,129.9833333
"Grass Valley, CA",34597,34954,28.00,1248,18%,C,76,0,7,7,"-121.042394551424, 39.2000554791625",Royal Gorge,"-120.3891698, 39.3133934",Tahoe Donner,"-120.2534233, 39.3633936",Tahoe,"-120.1061923, 39.1972293",65,81.23333333,81.23333333
"Reno, NV--CA",74179,338215,164.43,2057,16%,U,75,0,30,30,"-119.797417314416, 39.5322134376411",Tahoe,"-120.1061923, 39.1972293",Hope Valley,"-119.9088482, 38.7379421",Tahoe Donner,"-120.2534233, 39.3633936",67.25,85.8,85.8
"Providence, RI--MA",72505,1175241,545.09,2156,18%,U,75,0,0,0,"-71.3968087113659, 41.7768043333128",Weston,"-71.2679762, 42.3316045",Great Brook,"-71.3528633, 42.5564104",Gunstock,"-71.3588827, 43.550139",69.31666667,100.2,100.2
"Lafayette--Louisville--Erie, CO",46126,65742,39.55,1662,35%,U,75,35,55,90,"-105.102374234743, 39.9930181517605",Eldora,"-105.5826786, 39.9372203",Devil's Thumb,"-105.7842685, 39.9663313",Snow Mountain Ranch,"-105.9394597, 40.086097",70.26666667,131.6166667,131.6166667
"Dover--Rochester, NH--ME",24607,84806,66.44,1276,20%,U,75,0,4,4,"-70.9040951917283, 43.2317459163609",Purity Spring,"-71.0889018, 43.8680791",Wolfeboro XC,"-71.2152225, 43.5847667",Harris Farm,"-70.5744266, 43.5288109",70.65,52.36666667,52.36666667
"Poughkeepsie--Newburgh, NY--NJ",71803,375252,327.81,1145,16%,U,75,66,0,66,"-73.9830280573842, 41.5524785552292",Fahnestock,"-73.8246946, 41.4662118",Mohonk Mountain,"-74.1364747, 41.7776369",Mountain Trails,"-74.142554, 42.195406",71.35,59.03333333,59.03333333
"Oswego, NY",66241,38913,20.77,1874,12%,C,76,0,1,1,"-76.4667535798625, 43.407477409951",Osceola Ski and Sport,"-75.7016595, 43.5060069",Parc de la Gatineau,"-75.7724649, 45.4612618",Osceola,"-75.5978854, 43.4627838",72.68333333,223.7833333,223.7833333
"Hartford, CT",37243,879477,516.25,1704,19%,U,75,0,0,0,"-72.6991012160243, 41.7407179895477",Maple Corner,"-72.9596669, 42.1263221",Northfield Mountain,"-72.471313, 42.610827",Timber Creek,"-72.887034, 42.971872",76.36666667,94.7,94.7
"Watertown, NY",92674,46545,40.87,1139,13%,U,75,0,0,0,"-75.8182612100721, 44.0090414528935",Osceola Ski and Sport,"-75.7016595, 43.5060069",Osceola,"-75.5978854, 43.4627838",Parc de la Gatineau,"-75.7724649, 45.4612618",76.83333333,82.15,82.15
"St. Cloud, MN",77338,95799,50.19,1909,18%,U,75,0,0,0,"-94.1940552271517, 45.5730592399131",CIty Parks?,"-93.2650108, 44.977753",Eldora,"-105.5826786, 39.9372203",Devil's Thumb,"-105.7842685, 39.9663313",77.43333333,909.95,909.95
"Longmont, CO",51175,80220,26.26,3055,24%,U,75,38,43,81,"-105.099170809802, 40.1703388487451",Eldora,"-105.5826786, 39.9372203",Devil's Thumb,"-105.7842685, 39.9663313",Snow Mountain Ranch,"-105.9394597, 40.086097",78.31666667,143.7333333,143.7333333
"Waterbury, CT",92485,196115,90.27,2173,14%,U,75,0,0,0,"-73.0395847653059, 41.549094090254",Maple Corner,"-72.9596669, 42.1263221",Notchview,"-73.1588148, 42.4764367",Prospect,"-73.077599, 42.875404",78.35,114.8166667,114.8166667
"Redding, CA",73774,113623,71.06,1599,13%,U,75,20,16,36,"-122.361038301649, 40.5760106361168",Mt Shasta,"-122.181241, 41.317558",Mt Bachelor,"-121.405239, 43.9971703",Royal Gorge,"-120.3891698, 39.3133934",83.91666667,310.3666667,310.3666667
"Logan, UT",50959,85572,43.87,1951,23%,U,75,0,12,12,"-111.835512496575, 41.7242085284553",Mountain Dell,"-111.9114578, 40.7552338",Sundance,"-111.5785537, 40.3914719",Soldier Hollow,"-111.5011363, 40.4808987",85.16666667,137.6166667,137.6166667
"Twin Falls, ID",89245,42065,18.11,2323,12%,C,76,8,1,9,"-114.453499583278, 42.5616771365828",BCRD Nordic,"-114.2938755, 43.5155169",Sun Valley,"-114.353624, 43.695609",Galena Lodge,"-114.6550743, 43.8720784",91.46666667,113.4833333,113.4833333
"Sacramento, CA",77068,1483044,470.99,3149,19%,U,75,38,22,60,"-121.32739101813, 38.6392789141632",Royal Gorge,"-120.3891698, 39.3133934",Tahoe Donner,"-120.2534233, 39.3633936",Tahoe,"-120.1061923, 39.1972293",92.45,108.65,108.65
"Denver--Aurora, CO",23527,2067512,667.53,3097,24%,U,75,37,79,116,"-104.950752893857, 39.7104086010968",Eldora,"-105.5826786, 39.9372203",Devil's Thumb,"-105.7842685, 39.9663313",Keystone,"-105.9347384, 39.5791675",93.7,114.2166667,114.2166667
"Marysville, WA",55333,133358,81.81,1630,14%,U,75,4,34,38,"-122.146818488017, 48.0526442309436",Stevens Pass,"-121.0902877, 47.7451493",Cypress Mountain,"-123.2046314, 49.396",Lost Lake,"-122.948241, 50.120232",95.08333333,167.6166667,167.6166667
"Portland, OR--WA",71317,1774292,524.37,3384,23%,U,75,0,117,117,"-122.651130207486, 45.5202194701275",Teacup Nordic,"-121.6422905, 45.3136991",Mt Bachelor,"-121.405239, 43.9971703",Stevens Pass,"-121.0902877, 47.7451493",96.83333333,227.4166667,227.4166667
"Rochester, MN",75637,96385,50.44,1911,24%,U,75,0,0,0,"-92.4766992090859, 44.0216409039257",CIty Parks?,"-93.2650108, 44.977753",Eldora,"-105.5826786, 39.9372203",Devil's Thumb,"-105.7842685, 39.9663313",100.5,816.9333333,816.9333333
"Glens Falls, NY",33598,60903,41.59,1464,12%,U,75,0,9,9,"-73.6557493458751, 43.3202378934989",Pineridge,"-73.4677841, 42.6909853",Mt Van Hoevenberg,"-73.9135195, 44.2244201",Cascade,"-73.9263423, 44.2412103",100.9666667,96.76666667,96.76666667
"Mankato, MN",53983,51433,26.35,1952,24%,U,75,0,0,0,"-93.9911021782753, 44.1665777422627",CIty Parks?,"-93.2650108, 44.977753",Eldora,"-105.5826786, 39.9372203",Devil's Thumb,"-105.7842685, 39.9663313",101.55,797.1333333,797.1333333
"Auburn, NY",4114,31222,12.91,2419,12%,C,76,0,1,1,"-76.5611487895393, 42.926539412171",Osceola Ski and Sport,"-75.7016595, 43.5060069",Osceola,"-75.5978854, 43.4627838",Parc de la Gatineau,"-75.7724649, 45.4612618",103.3333333,111.2833333,111.2833333
"Eau Claire, WI",26038,94593,68.98,1371,20%,U,75,0,0,0,"-91.4449587937224, 44.857970954782",CIty Parks?,"-93.2650108, 44.977753",Eldora,"-105.5826786, 39.9372203",Devil's Thumb,"-105.7842685, 39.9663313",106,941.1,941.1
"New Haven, CT",62407,548950,306.02,1794,18%,U,75,0,0,0,"-72.780727890953, 41.3701825018627",Maple Corner,"-72.9596669, 42.1263221",Northfield Mountain,"-72.471313, 42.610827",Timber Creek,"-72.887034, 42.971872",106.3833333,124.7166667,124.7166667
"Bellingham, WA",6652,97096,48.01,2022,25%,U,75,4,7,11,"-122.478095988651, 48.7740846893849",Cypress Mountain,"-123.2046314, 49.396",Lost Lake,"-122.948241, 50.120232",Whistler,"-122.9555605, 50.1155699",110.9166667,184.1833333,184.1833333
"Fort Collins, CO",30628,218466,109.07,2003,25%,U,75,38,40,78,"-105.058281118349, 40.4984262155337",Eldora,"-105.5826786, 39.9372203",Devil's Thumb,"-105.7842685, 39.9663313",Snow Mountain Ranch,"-105.9394597, 40.086097",111.3666667,155.4833333,155.4833333
"Woodland, CA",96994,52627,12.20,4312,15%,U,75,41,12,53,"-121.761636067187, 38.673312042341",Royal Gorge,"-120.3891698, 39.3133934",Mt Shasta,"-122.181241, 41.317558",Tahoe Donner,"-120.2534233, 39.3633936",112.6833333,227.3333333,227.3333333
"Medford, OR",55981,138379,64.75,2137,16%,U,75,8,152,160,"-122.844771227198, 42.3359196250702",Mt Shasta,"-122.181241, 41.317558",Mt Bachelor,"-121.405239, 43.9971703",Teacup Nordic,"-121.6422905, 45.3136991",112.9,221.9333333,221.9333333
"Yakima, WA",97507,118516,59.82,1981,12%,U,75,12,46,58,"-120.544122852617, 46.6119764780069",Leavenworth,"-120.6703006, 47.5784587",Stevens Pass,"-121.0902877, 47.7451493",Methow Trails,"-120.1823871, 48.4762676",113.55,152.4666667,152.4666667
"Klamath Falls--Altamont, OR",45505,42318,21.90,1932,12%,C,76,4,83,87,"-121.755783495927, 42.2072732440093",Mt Shasta,"-122.181241, 41.317558",Mt Bachelor,"-121.405239, 43.9971703",Teacup Nordic,"-121.6422905, 45.3136991",113.8,164.0166667,164.0166667
"Seattle, WA",80389,2935248,1009.80,2907,25%,U,75,53,94,147,"-122.270820537258, 47.4717781807391",Stevens Pass,"-121.0902877, 47.7451493",Teacup Nordic,"-121.6422905, 45.3136991",Cypress Mountain,"-123.2046314, 49.396",114.6333333,249.4166667,249.4166667
"Davis, CA",22420,71698,14.12,5078,30%,U,75,55,11,66,"-121.738962752544, 38.5539914067708",Royal Gorge,"-120.3891698, 39.3133934",Mt Shasta,"-122.181241, 41.317558",Tahoe Donner,"-120.2534233, 39.3633936",114.65,237.5,237.5
"Woodburn, OR",96913,47066,11.65,4039,12%,C,76,0,41,41,"-122.852128292261, 45.1533729850866",Teacup Nordic,"-121.6422905, 45.3136991",Mt Bachelor,"-121.405239, 43.9971703",Mt Shasta,"-122.181241, 41.317558",116.6,200.1333333,200.1333333
"Yuba City, CA",97939,114325,38.65,2958,11%,U,75,2,9,11,"-121.607170019954, 39.1230214383977",Royal Gorge,"-120.3891698, 39.3133934",Mt Shasta,"-122.181241, 41.317558",Tahoe Donner,"-120.2534233, 39.3633936",117.0833333,226.5333333,226.5333333
"Middletown, NY",56899,53094,31.31,1696,12%,U,75,59,0,59,"-74.3931171166078, 41.445102170493",Bearpen,"-74.4551101, 42.2837935",Mohonk Mountain,"-74.1364747, 41.7776369",Mountain Trails,"-74.142554, 42.195406",120.1666667,65.9,65.9
"Greeley, CO",34786,108746,41.20,2639,17%,U,75,31,29,60,"-104.733545676154, 40.4058236264249",Eldora,"-105.5826786, 39.9372203",Devil's Thumb,"-105.7842685, 39.9663313",Snow Mountain Ranch,"-105.9394597, 40.086097",120.3,165.2,165.2
"Saratoga Springs, NY",79633,54349,45.48,1195,22%,U,75,0,5,5,"-73.7971541880053, 43.058779938691",Mt Van Hoevenberg,"-73.9135195, 44.2244201",Pineridge,"-73.4677841, 42.6909853",Cascade,"-73.9263423, 44.2412103",123.3,79.65,79.65
"Leominster--Fitchburg, MA",49096,112517,65.00,1731,15%,U,75,0,0,0,"-71.8469394839505, 42.5686111677814",Eastman,"-72.1200467, 43.4982771",Great Brook,"-71.3528633, 42.5564104",Gunstock,"-71.3588827, 43.550139",135.9166667,48.15,48.15
"Ithaca, NY",41914,55104,24.56,2243,25%,U,75,0,1,1,"-76.48247173904, 42.4613666131249",Osceola Ski and Sport,"-75.7016595, 43.5060069",Osceola,"-75.5978854, 43.4627838",Parc de la Gatineau,"-75.7724649, 45.4612618",136.5,144.45,144.45
"Modesto, CA",58006,332496,92.13,3609,10%,U,75,6,2,8,"-120.966598201491, 37.6739138605626",Bear Valley,"-120.0422834, 38.461523",Royal Gorge,"-120.3891698, 39.3133934",Kirkwood XC,"-120.0722442, 38.7023082",138.5833333,185.15,185.15
"Mount Vernon, WA",60490,57623,34.44,1673,11%,U,75,5,12,17,"-122.295576965819, 48.44933579536",Cypress Mountain,"-123.2046314, 49.396",Lost Lake,"-122.948241, 50.120232",Whistler,"-122.9555605, 50.1155699",144.05,217.3166667,217.3166667
"Norwich--New London, CT--RI",64135,180616,152.03,1188,16%,U,75,0,0,0,"-72.0723164250848, 41.3965922942138",Northfield Mountain,"-72.471313, 42.610827",Eastman,"-72.1200467, 43.4982771",Grafton,"-72.6146009, 43.162418",147.5333333,215.7333333,215.7333333
"Binghamton, NY--PA",7732,159502,74.12,2152,15%,U,75,15,1,16,"-75.962889466459, 42.1054038278452",Osceola Ski and Sport,"-75.7016595, 43.5060069",Osceola,"-75.5978854, 43.4627838",Parc de la Gatineau,"-75.7724649, 45.4612618",154.2666667,159.25,159.25
"Helena, MT",38161,41045,28.16,1458,24%,C,76,0,11,11,"-111.990868853415, 46.6140500925857",Lone Mountain,"-111.3245968, 45.2769552",Crosscut,"-110.887706, 45.828366",Rendezvous,"-111.1041092, 44.6621493",156.2,123.4,123.4
"Danbury, CT--NY",22096,161165,131.70,1224,22%,U,75,28,0,28,"-73.4250488451331, 41.4554450137796",Pineridge,"-73.4677841, 42.6909853",Notchview,"-73.1588148, 42.4764367",Fahnestock,"-73.8246946, 41.4662118",160.15,152.7333333,152.7333333
"Bridgeport--Stamford, CT--NY",10162,909223,466.26,1950,24%,U,75,54,0,54,"-73.3093196346705, 41.2350089606033",Notchview,"-73.1588148, 42.4764367",Maple Corner,"-72.9596669, 42.1263221",Pineridge,"-73.4677841, 42.6909853",161.25,124.2166667,124.2166667
"Moses Lake, WA",59518,30471,26.57,1147,12%,C,76,0,12,12,"-119.306089826112, 47.1492193041848",Methow Trails,"-120.1823871, 48.4762676",Leavenworth,"-120.6703006, 47.5784587",SilverStar,"-119.0588591, 50.3597927",171,119.2833333,119.2833333
"Idaho Falls, ID",40996,76772,44.57,1723,17%,U,75,10,30,40,"-112.000991785162, 43.4949558774283",Lone Mountain,"-111.3245968, 45.2769552",Rendezvous,"-111.1041092, 44.6621493",Mountain Dell,"-111.9114578, 40.7552338",182.0833333,116.8166667,116.8166667
"Oroville, CA",65944,37487,24.58,1525,7%,C,76,0,12,12,"-121.542654682596, 39.4989064960403",Mt Shasta,"-122.181241, 41.317558",Royal Gorge,"-120.3891698, 39.3133934",Tahoe Donner,"-120.2534233, 39.3633936",190.1333333,130.05,130.05
"Farmington, NM",29278,59489,35.32,1684,12%,U,75,43,0,43,"-108.159776599065, 36.7463259343982",Telluride,"-107.8066851, 37.9341352",Pagosa,"-107.0056993, 37.270875",Crested Butte,"-106.9874762, 38.8679422",193.5333333,135.4333333,135.4333333
"Barnstable Town, MA",5167,236606,277.45,853,23%,U,75,0,0,0,"-70.384920830729, 41.701680346162",Harris Farm,"-70.5744266, 43.5288109",Weston,"-71.2679762, 42.3316045",Carter's,"-70.7861165, 44.4664298",206.15,106.7166667,106.7166667
"Scranton, PA",80227,375582,170.76,2199,14%,U,75,54,0,54,"-75.7837919478993, 41.3492779180374",Osceola Ski and Sport,"-75.7016595, 43.5060069",Osceola,"-75.5978854, 43.4627838",Parc de la Gatineau,"-75.7724649, 45.4612618",209.0833333,217.0333333,217.0333333
"Bangor, ME",4951,60919,42.45,1435,18%,U,75,0,0,0,"-68.7473357851657, 44.8360753761276",Fort Kent,"-68.5879368, 47.2338001",Quarry Road,"-69.6579825, 44.5828526",Nordic Heritage Center,"-67.9510786, 46.7089019",211.9,65.16666667,65.16666667
"East Stroudsburg, PA--NJ",25849,43886,52.12,842,18%,U,75,59,0,59,"-75.209856858941, 41.0193294143299",Osceola,"-75.5978854, 43.4627838",Osceola Ski and Sport,"-75.7016595, 43.5060069",Bearpen,"-74.4551101, 42.2837935",250.9833333,243.0333333,243.0333333
"Butte-Silver Bow, MT",12052,29629,16.50,1796,15%,C,76,0,8,8,"-112.516393434673, 45.9835663248245",Lone Mountain,"-111.3245968, 45.2769552",Rendezvous,"-111.1041092, 44.6621493",Crosscut,"-110.887706, 45.828366",133.7333333,159.4833333,159.4833333
"Gloversville, NY",33733,29033,16.18,1795,8%,C,76,0,0,0,"-74.3510357772377, 43.0254208520911",Lapland,"-74.3251232, 43.2595452",Bearpen,"-74.4551101, 42.2837935",Mountain Trails,"-74.142554, 42.195406",38.23333333,102.5166667,102.5166667
"Kalispell, MT",43777,29019,17.44,1664,17%,C,76,42,13,55,"-114.306754069047, 48.2113684223177",Whitefish,"-114.3352652, 48.4106373",Calgary,"-114.1859741, 51.1387915",Canmore,"-115.3855351, 51.0903362",25.83333333,362.05,362.05
"Pullman, WA",72748,28668,6.83,4199,32%,C,76,1,2,3,"-117.175240897105, 46.7332192809426",Mountain Gear,"-117.3226638, 47.678368",49 Degrees,"-117.5629318, 48.3011041",Jug Mountain,"-116.0479775, 44.8329387",100.4666667,173.2833333,173.2833333
"Plattsburgh, NY",70156,28579,25.91,1103,15%,C,76,0,0,0,"-73.4893387542201, 44.6832962643804",Mt Van Hoevenberg,"-73.9135195, 44.2244201",Catamount,"-73.048714, 44.447395",Cascade,"-73.9263423, 44.2412103",69.9,101.1666667,101.1666667
"Geneva, NY",32842,28553,15.35,1860,15%,C,76,0,1,1,"-76.9041902839203, 42.8778277885586",Osceola Ski and Sport,"-75.7016595, 43.5060069",Parc de la Gatineau,"-75.7724649, 45.4612618",Osceola,"-75.5978854, 43.4627838",116.85,266.65,266.65
"Placerville--Diamond Springs, CA",69832,28281,26.09,1084,12%,C,76,0,17,17,"-120.770888301785, 38.7221117357634",Royal Gorge,"-120.3891698, 39.3133934",Tahoe Donner,"-120.2534233, 39.3633936",Kirkwood XC,"-120.0722442, 38.7023082",119.4166667,135.6166667,135.6166667
"Tooele, UT",88057,28068,9.18,3056,12%,C,76,0,8,8,"-112.299359048057, 40.5386587214784",Mountain Dell,"-111.9114578, 40.7552338",Sundance,"-111.5785537, 40.3914719",Soldier Hollow,"-111.5011363, 40.4808987",39.93333333,92.68333333,92.68333333
"Cortland, NY",20395,27358,10.67,2565,17%,C,76,0,1,1,"-76.1824932644046, 42.6044796054825",Osceola Ski and Sport,"-75.7016595, 43.5060069",Osceola,"-75.5978854, 43.4627838",Parc de la Gatineau,"-75.7724649, 45.4612618",104.0333333,111.9833333,111.9833333
"North Adams, MA--VT",63460,26848,9.79,2742,15%,C,76,0,4,4,"-73.1503969117285, 42.7095631464049",Notchview,"-73.1588148, 42.4764367",Prospect,"-73.077599, 42.875404",Maple Corner,"-72.9596669, 42.1263221",47.68333333,42.03333333,42.03333333
"Augusta, ME",4195,25455,17.34,1468,16%,C,76,0,0,0,"-69.7795404604628, 44.2882902694891",Quarry Road,"-69.6579825, 44.5828526",Rangeley Lakes,"-70.561212, 44.9557018",Harris Farm,"-70.5744266, 43.5288109",40.66666667,130.7666667,130.7666667
"Ilion--Herkimer, NY",41023,24992,11.28,2216,9%,C,76,0,0,0,"-75.0297589212229, 43.0181895766398",Osceola,"-75.5978854, 43.4627838",Bearpen,"-74.4551101, 42.2837935",Osceola Ski and Sport,"-75.7016595, 43.5060069",73.18333333,116.25,116.25
"Rexburg, ID",74260,24941,7.01,3558,23%,C,76,21,29,50,"-111.785291561494, 43.8264944037939",Lone Mountain,"-111.3245968, 45.2769552",Rendezvous,"-111.1041092, 44.6621493",Mountain Dell,"-111.9114578, 40.7552338",156.8666667,93.36666667,93.36666667
"Owatonna, MN",66430,24788,12.71,1950,17%,C,76,0,0,0,"-93.2215315595767, 44.0901678083496",CIty Parks?,"-93.2650108, 44.977753",Eldora,"-105.5826786, 39.9372203",Devil's Thumb,"-105.7842685, 39.9663313",72.18333333,788.4833333,788.4833333
"Ontario, OR--ID",65539,24757,12.83,1930,9%,C,76,0,17,17,"-116.949302544623, 44.0428954618565",Bogus Basin,"-116.2058992, 43.6433908",Jug Mountain,"-116.0479775, 44.8329387",Mountain Gear,"-117.3226638, 47.678368",70.01666667,149.35,149.35
"Waterville, ME",92782,24723,16.19,1527,13%,C,76,0,0,0,"-69.6508660229676, 44.5546423394104",Quarry Road,"-69.6579825, 44.5828526",Rangeley Lakes,"-70.561212, 44.9557018",Harris Farm,"-70.5744266, 43.5288109",11.5,115.2,115.2
"Newberg, OR",61813,24682,9.88,2497,18%,C,76,0,11,11,"-122.973837001619, 45.3002495789209",Teacup Nordic,"-121.6422905, 45.3136991",Mt Bachelor,"-121.405239, 43.9971703",Cypress Mountain,"-123.2046314, 49.396",126,219.7333333,219.7333333
"Austin, MN",4357,24014,12.23,1964,12%,C,76,0,0,0,"-92.9777576651573, 43.671253392034",CIty Parks?,"-93.2650108, 44.977753",Eldora,"-105.5826786, 39.9372203",Devil's Thumb,"-105.7842685, 39.9663313",114.0166667,777.9333333,777.9333333
"Willimantic, CT",95590,23789,17.86,1332,11%,C,76,0,0,0,"-72.2294144876064, 41.7353714679629",Northfield Mountain,"-72.471313, 42.610827",Eastman,"-72.1200467, 43.4982771",Grafton,"-72.6146009, 43.162418",117.9666667,196.25,196.25
"Moscow, ID",59491,23254,5.87,3962,29%,C,76,1,2,3,"-116.993518292401, 46.7312748474194",Mountain Gear,"-117.3226638, 47.678368",49 Degrees,"-117.5629318, 48.3011041",Jug Mountain,"-116.0479775, 44.8329387",112.8666667,185.0666667,185.0666667
"Faribault, MN",29116,23152,11.37,2035,12%,C,76,0,0,0,"-93.2821490695173, 44.2936921716783",CIty Parks?,"-93.2650108, 44.977753",Eldora,"-105.5826786, 39.9372203",Devil's Thumb,"-105.7842685, 39.9663313",57.91666667,801.3666667,801.3666667
"Greenfield, MA",34975,22960,14.14,1624,15%,C,76,0,4,4,"-72.5822720005834, 42.5965128659768",Northfield Mountain,"-72.471313, 42.610827",Grafton,"-72.6146009, 43.162418",Okemo Valley,"-72.70149, 43.415762",23.21666667,73.26666667,73.26666667
"Amsterdam, NY",2170,22218,10.37,2142,10%,C,76,0,1,1,"-74.1944829148847, 42.9521707048316",Lapland,"-74.3251232, 43.2595452",Mountain Trails,"-74.142554, 42.195406",Garnet Hill Lodge,"-74.1073348, 43.7124281",49.93333333,104.5333333,104.5333333
"Keene, NH",44209,22163,10.77,2057,23%,C,76,0,5,5,"-72.2871813418019, 42.9359462946644",Northfield Mountain,"-72.471313, 42.610827",Eastman,"-72.1200467, 43.4982771",Woodstock,"-72.518896, 43.623174",45.36666667,77.63333333,77.63333333
"Barre--Montpelier, VT",5221,21872,17.72,1234,19%,C,76,0,8,8,"-72.5176247910451, 44.1985671924462",Woodstock,"-72.518896, 43.623174",Craftsbury,"-72.36351, 44.680359",Edson Hill,"-72.734681, 44.5109926",66.95,67.2,67.2
"Oneida, NY",65404,20794,14.86,1399,13%,C,76,0,0,0,"-75.6515239169715, 43.084686881185",Osceola,"-75.5978854, 43.4627838",Osceola Ski and Sport,"-75.7016595, 43.5060069",Parc de la Gatineau,"-75.7724649, 45.4612618",60.86666667,56.56666667,56.56666667
"Redmond, OR",73882,20346,13.60,1496,10%,C,76,1,179,180,"-121.18007337035, 44.2742159730023",Mt Bachelor,"-121.405239, 43.9971703",Teacup Nordic,"-121.6422905, 45.3136991",Leavenworth,"-120.6703006, 47.5784587",37.48333333,120.4166667,120.4166667
"Northfield, MN",63676,20259,9.18,2206,26%,C,76,0,0,0,"-93.1679291979215, 44.4487680268074",CIty Parks?,"-93.2650108, 44.977753",Eldora,"-105.5826786, 39.9372203",Devil's Thumb,"-105.7842685, 39.9663313",54.03333333,819.3833333,819.3833333
"Rutland, VT",77014,20090,12.28,1636,16%,C,76,0,11,11,"-72.9810129158978, 43.6026642529564",Mountain Top,"-72.9375306, 43.7298568",Rikert,"-72.991087, 43.954787",Wild Wings,"-72.905589, 43.262685",24.28333333,59.48333333,59.48333333
"Laconia, NH",45856,19972,13.04,1532,14%,C,76,0,12,12,"-71.4605977645024, 43.5368176921825",Gunstock,"-71.3588827, 43.550139",Bretton Woods,"-71.4379694, 44.2544692",Bear Notch,"-71.3028111, 44.0730749",14.26666667,90.08333333,90.08333333
"Red Bluff, CA",73720,19774,9.16,2158,7%,C,76,27,25,52,"-122.230191933075, 40.1756985089427",Mt Shasta,"-122.181241, 41.317558",Royal Gorge,"-120.3891698, 39.3133934",Tahoe Donner,"-120.2534233, 39.3633936",121.7166667,199.7666667,199.7666667
"Hastings, MN",37540,19552,9.34,2093,18%,C,76,0,0,0,"-92.8650580711342, 44.7340077819208",CIty Parks?,"-93.2650108, 44.977753",Eldora,"-105.5826786, 39.9372203",Devil's Thumb,"-105.7842685, 39.9663313",48.45,857.3833333,857.3833333
"Ellensburg, WA",26983,19012,8.85,2148,25%,C,76,0,60,60,"-120.53548512403, 47.0013054192228",Leavenworth,"-120.6703006, 47.5784587",Stevens Pass,"-121.0902877, 47.7451493",Methow Trails,"-120.1823871, 48.4762676",76.88333333,115.5,115.5
"Gardnerville Ranchos, NV",32572,18535,12.26,1512,14%,C,76,0,40,40,"-119.739842714618, 38.9201302794951",Hope Valley,"-119.9088482, 38.7379421",Kirkwood XC,"-120.0722442, 38.7023082",Bear Valley,"-120.0422834, 38.461523",32.28333333,44.8,44.8
"Durango, CO",25147,17622,9.33,1890,32%,C,76,37,6,43,"-107.870566551459, 37.2871884151699",Telluride,"-107.8066851, 37.9341352",Pagosa,"-107.0056993, 37.270875",Crested Butte,"-106.9874762, 38.8679422",147.1666667,82.55,82.55
"Albert Lea, MN",1009,17580,9.84,1787,9%,C,76,0,0,0,"-93.3689094437038, 43.6523957051523",CIty Parks?,"-93.2650108, 44.977753",Eldora,"-105.5826786, 39.9372203",Devil's Thumb,"-105.7842685, 39.9663313",102.1333333,759.7833333,759.7833333
"Monticello--Big Lake, MN",58870,17450,16.78,1040,15%,C,76,0,0,0,"-93.7655147920718, 45.3122685960635",CIty Parks?,"-93.2650108, 44.977753",Eldora,"-105.5826786, 39.9372203",Devil's Thumb,"-105.7842685, 39.9663313",48.73333333,899.8166667,899.8166667
"Menomonie, WI",56224,17232,11.63,1481,19%,C,76,0,0,0,"-91.9023093843975, 44.8978953246187",CIty Parks?,"-93.2650108, 44.977753",Eldora,"-105.5826786, 39.9372203",Devil's Thumb,"-105.7842685, 39.9663313",88.4,924.75,924.75
"Montrose, CO",58951,17210,17.97,958,12%,C,76,37,6,43,"-107.872917800054, 38.4817616609236",Telluride,"-107.8066851, 37.9341352",Crested Butte,"-106.9874762, 38.8679422",Pagosa,"-107.0056993, 37.270875",93.93333333,118.9333333,118.9333333
"Fallon, NV",29035,16248,14.17,1146,12%,C,76,0,13,13,"-118.813223002266, 39.4807344738767",Rock Creek,"-118.7230461, 37.4689222",Hope Valley,"-119.9088482, 38.7379421",Tahoe,"-120.1061923, 39.1972293",209.7833333,124.7833333,124.7833333
"Newark, NY",61678,16164,7.37,2194,9%,C,76,0,1,1,"-77.0625651413959, 43.0505914278721",Osceola Ski and Sport,"-75.7016595, 43.5060069",Parc de la Gatineau,"-75.7724649, 45.4612618",Osceola,"-75.5978854, 43.4627838",123.0833333,272.8833333,272.8833333
"Oneonta, NY",65512,16074,8.66,1856,20%,C,76,0,0,0,"-75.0600326817688, 42.4525657112988",Osceola,"-75.5978854, 43.4627838",Bearpen,"-74.4551101, 42.2837935",Osceola Ski and Sport,"-75.7016595, 43.5060069",141.9666667,63.65,63.65
"Sanford, ME",78850,15914,6.47,2459,10%,C,76,0,4,4,"-70.7664757547483, 43.4354622452255",Harris Farm,"-70.5744266, 43.5288109",Carter's,"-70.7861165, 44.4664298",Purity Spring,"-71.0889018, 43.8680791",27.7,156,156
"Warwick, NY",92134,15477,8.90,1738,22%,C,76,58,0,58,"-74.3620875192654, 41.2893659805182",Mohonk Mountain,"-74.1364747, 41.7776369",Bearpen,"-74.4551101, 42.2837935",Mountain Trails,"-74.142554, 42.195406",83.15,139.4833333,139.4833333
"Forest Lake, MN",30358,15153,17.89,847,15%,C,76,0,0,0,"-92.9643921960558, 45.2858829361857",CIty Parks?,"-93.2650108, 44.977753",Eldora,"-105.5826786, 39.9372203",Devil's Thumb,"-105.7842685, 39.9663313",42.21666667,887.4666667,887.4666667
"Mountain Home, ID",59707,14966,7.60,1969,12%,C,76,3,12,15,"-115.690650133063, 43.1405133549776",Bogus Basin,"-116.2058992, 43.6433908",Jug Mountain,"-116.0479775, 44.8329387",Galena Lodge,"-114.6550743, 43.8720784",59.28333333,181.9833333,181.9833333
"Red Wing, MN",73963,14898,7.25,2056,17%,C,76,0,0,0,"-92.5510636072412, 44.5546452610893",CIty Parks?,"-93.2650108, 44.977753",Eldora,"-105.5826786, 39.9372203",Devil's Thumb,"-105.7842685, 39.9663313",80.7,866.35,866.35
"Buffalo, MN",11296,14694,8.32,1767,18%,C,76,0,0,0,"-93.8641089014419, 45.1821666151139",CIty Parks?,"-93.2650108, 44.977753",Eldora,"-105.5826786, 39.9372203",Devil's Thumb,"-105.7842685, 39.9663313",53.21666667,904.2833333,904.2833333
"Silverthorne--Frisco, CO",82090,14142,9.02,1569,31%,C,76,8,85,93,"-106.058270927202, 39.6150105470338",Frisco,"-106.077767, 39.57494",Brek,"-106.0572671, 39.4843684",Gold Run Nordic,"-106.0383518, 39.4816537",11.21666667,22.61666667,22.61666667
"Port Jervis, NY--PA",71209,14107,10.61,1330,10%,C,76,54,0,54,"-74.7281381952439, 41.3628682979283",Bearpen,"-74.4551101, 42.2837935",Mohonk Mountain,"-74.1364747, 41.7776369",Mountain Trails,"-74.142554, 42.195406",137.45,81.86666667,81.86666667
"River Falls, WI",75286,14018,7.65,1831,24%,C,76,0,0,0,"-92.6138375665889, 44.8587139237958",CIty Parks?,"-93.2650108, 44.977753",Eldora,"-105.5826786, 39.9372203",Devil's Thumb,"-105.7842685, 39.9663313",53.01666667,888.1166667,888.1166667
"Hood River, OR--WA",39916,13956,10.47,1333,19%,C,76,0,129,129,"-121.523154407317, 45.7064712253159",Teacup Nordic,"-121.6422905, 45.3136991",Mt Bachelor,"-121.405239, 43.9971703",Stevens Pass,"-121.0902877, 47.7451493",44.31666667,194.9,194.9
"Hutchinson, MN",40942,13792,6.61,2088,17%,C,76,0,0,0,"-94.3788565168636, 44.8895895294675",CIty Parks?,"-93.2650108, 44.977753",Eldora,"-105.5826786, 39.9372203",Devil's Thumb,"-105.7842685, 39.9663313",84.9,844.75,844.75
"New Ulm, MN",63163,13216,7.08,1867,15%,C,76,0,0,0,"-94.4634591689369, 44.3079274444629",CIty Parks?,"-93.2650108, 44.977753",Eldora,"-105.5826786, 39.9372203",Devil's Thumb,"-105.7842685, 39.9663313",118.8,791.0833333,791.0833333
"Heber, UT",38053,13148,12.83,1025,18%,C,76,0,9,9,"-111.422577539907, 40.5021396771294",Soldier Hollow,"-111.5011363, 40.4808987",Sundance,"-111.5785537, 40.3914719",Mountain Dell,"-111.9114578, 40.7552338",16.71666667,26.55,26.55
"Toppenish, WA",88111,13075,8.72,1499,5%,C,76,6,29,35,"-120.308961225577, 46.3905264987355",Leavenworth,"-120.6703006, 47.5784587",Stevens Pass,"-121.0902877, 47.7451493",Methow Trails,"-120.1823871, 48.4762676",129.4,168.2,168.2
"Bennington, VT",6922,12937,7.64,1694,12%,C,76,0,6,6,"-73.2017277272806, 42.8921829513985",Prospect,"-73.077599, 42.875404",Notchview,"-73.1588148, 42.4764367",Pineridge,"-73.4677841, 42.6909853",13.91666667,61.4,61.4
"Burley, ID",11620,12813,9.66,1326,10%,C,76,3,3,6,"-113.778182894222, 42.5484008484127",BCRD Nordic,"-114.2938755, 43.5155169",Sun Valley,"-114.353624, 43.695609",Galena Lodge,"-114.6550743, 43.8720784",115.5833333,137.4166667,137.4166667
"Price, UT",72235,12734,9.54,1334,9%,C,76,1,17,18,"-110.82003510332, 39.6189606236138",Soldier Hollow,"-111.5011363, 40.4808987",Sundance,"-111.5785537, 40.3914719",Mountain Dell,"-111.9114578, 40.7552338",127.1333333,110.9666667,110.9666667
"Hudson, NY",40537,12572,5.68,2213,13%,C,76,0,1,1,"-73.7662711356262, 42.2720508330976",Fahnestock,"-73.8246946, 41.4662118",Pineridge,"-73.4677841, 42.6909853",Mountain Trails,"-74.142554, 42.195406",91.55,67.2,67.2
"Steamboat Springs, CO",84682,11905,8.18,1456,40%,C,76,0,13,13,"-106.837855823004, 40.4843630722633",Howelsen,"-106.8329011, 40.4827567",Vista Verde,"-106.8285456, 40.7638504",Home Ranch,"-106.9174088, 40.7131609",1.666666667,53.05,53.05
"Massena, NY",55468,11858,6.10,1943,10%,C,76,0,0,0,"-74.8876127364125, 44.9331408692595",Ski de fond Mont-Tremblant,"-74.5694771, 46.181067",Paul Smith's College,"-74.2608414, 44.452329",Morin-Heights,"-74.2343898, 45.9065464",196.5,77.75,77.75
"Athol, MA",3790,11772,9.35,1259,8%,C,76,0,1,1,"-72.2627112074562, 42.5838137386703",Northfield Mountain,"-72.471313, 42.610827",Eastman,"-72.1200467, 43.4982771",Grafton,"-72.6146009, 43.162418",27.25,126.65,126.65
"Evanston, WY",28306,11736,7.03,1670,14%,C,76,0,16,16,"-110.965042593452, 41.2588971542958",Soldier Hollow,"-111.5011363, 40.4808987",Sundance,"-111.5785537, 40.3914719",Mountain Dell,"-111.9114578, 40.7552338",85.5,95.1,95.1
"Fernley, NV",29656,11682,10.31,1133,5%,C,76,0,14,14,"-119.229132247017, 39.5981482745456",Hope Valley,"-119.9088482, 38.7379421",Tahoe,"-120.1061923, 39.1972293",Kirkwood XC,"-120.0722442, 38.7023082",117.55,102.7666667,102.7666667
"Ogdensburg, NY",64972,11621,4.54,2561,9%,C,76,0,0,0,"-75.4777489064757, 44.6984388422215",Osceola,"-75.5978854, 43.4627838",Parc de la Gatineau,"-75.7724649, 45.4612618",Osceola Ski and Sport,"-75.7016595, 43.5060069",141.8166667,91.61666667,91.61666667
"Malone, NY",53524,11529,5.68,2031,7%,C,76,0,0,0,"-74.3024208426686, 44.8617223385789",Paul Smith's College,"-74.2608414, 44.452329",Morin-Heights,"-74.2343898, 45.9065464",Garnet Hill Lodge,"-74.1073348, 43.7124281",47.15,147.15,147.15
"Franklin, NH",31330,11467,6.43,1783,10%,C,76,0,9,9,"-71.6223070883363, 43.4464775386959",Gunstock,"-71.3588827, 43.550139",Bretton Woods,"-71.4379694, 44.2544692",Bear Notch,"-71.3028111, 44.0730749",34.9,86.61666667,86.61666667
"Lynden, WA",52228,11319,9.33,1213,17%,C,76,2,6,8,"-122.46800170578, 48.9268379856965",Cypress Mountain,"-123.2046314, 49.396",Lost Lake,"-122.948241, 50.120232",Whistler,"-122.9555605, 50.1155699",98.2,171.7166667,171.7166667
"Glenwood Springs, CO",33652,11056,4.93,2244,17%,C,76,17,25,42,"-107.31733284231, 39.5258999982377",Crested Butte,"-106.9874762, 38.8679422",Aspen Snowmass,"-106.8175387, 39.1910983",Ashcroft,"-106.8089318, 39.0380363",157.2833333,65.61666667,65.61666667
"Prineville, OR",72424,10878,6.33,1719,7%,C,76,1,126,127,"-120.844367484645, 44.3101556148408",Mt Bachelor,"-121.405239, 43.9971703",Teacup Nordic,"-121.6422905, 45.3136991",Leavenworth,"-120.6703006, 47.5784587",63.38333333,121.1666667,121.1666667
"Cambridge, MN",12835,10812,9.89,1094,11%,C,76,0,0,0,"-93.2341382646427, 45.5361023874652",CIty Parks?,"-93.2650108, 44.977753",Eldora,"-105.5826786, 39.9372203",Devil's Thumb,"-105.7842685, 39.9663313",57.56666667,910.8,910.8
"Bishop, CA",7840,10683,4.26,2507,13%,C,76,11,3,14,"-118.416112456322, 37.3641964755138",Rock Creek,"-118.7230461, 37.4689222",Hope Valley,"-119.9088482, 38.7379421",Bear Valley,"-120.0422834, 38.461523",50.01666667,207.6666667,207.6666667
"St. Peter, MN",78013,10644,4.64,2296,16%,C,76,0,0,0,"-93.9658562884763, 44.3258580448411",CIty Parks?,"-93.2650108, 44.977753",Eldora,"-105.5826786, 39.9372203",Devil's Thumb,"-105.7842685, 39.9663313",83.21666667,807.6166667,807.6166667
"Waseca, MN",92215,10560,4.03,2619,12%,C,76,0,0,0,"-93.5046425775226, 44.0824134135665",CIty Parks?,"-93.2650108, 44.977753",Eldora,"-105.5826786, 39.9372203",Devil's Thumb,"-105.7842685, 39.9663313",86.61666667,798.0833333,798.0833333
"Cheney, WA",15967,10379,3.09,3360,25%,C,76,0,6,6,"-117.583358043182, 47.4904880643461",Mountain Gear,"-117.3226638, 47.678368",49 Degrees,"-117.5629318, 48.3011041",Jug Mountain,"-116.0479775, 44.8329387",36.25,108.5166667,108.5166667
"Berlin, NH",7192,10339,5.46,1895,8%,C,76,0,14,14,"-71.1748908624112, 44.4592030344631",Mt. Washington,"-71.1503908, 44.0932053",Bear Notch,"-71.3028111, 44.0730749",Purity Spring,"-71.0889018, 43.8680791",54.08333333,61.56666667,61.56666667
"Evergreen, CO",28441,10207,13.59,751,36%,C,76,0,55,55,"-105.317116273154, 39.6607105224834",Eldora,"-105.5826786, 39.9372203",Devil's Thumb,"-105.7842685, 39.9663313",Keystone,"-105.9347384, 39.5791675",91.93333333,102.2833333,102.2833333
"Jerome, ID",43048,9959,4.42,2255,5%,C,76,9,3,12,"-114.519794448087, 42.7261129096615",BCRD Nordic,"-114.2938755, 43.5155169",Sun Valley,"-114.353624, 43.695609",Galena Lodge,"-114.6550743, 43.8720784",76.18333333,98.2,98.2
"Alamosa, CO",847,9861,7.27,1357,13%,C,76,10,44,54,"-105.872231728431, 37.4588064162364",Gold Run Nordic,"-106.0383518, 39.4816537",Keystone,"-105.9347384, 39.5791675",Brek,"-106.0572671, 39.4843684",192.1833333,224.7166667,224.7166667
"Rockland, ME",75799,9844,6.25,1575,14%,C,76,0,0,0,"-69.1357130611615, 44.0987445498421",Quarry Road,"-69.6579825, 44.5828526",Fort Kent,"-68.5879368, 47.2338001",Harris Farm,"-70.5744266, 43.5288109",95.41666667,321.0666667,321.0666667
"Craig, CO",20827,9825,5.70,1725,10%,C,76,6,6,12,"-107.556908777461, 40.5199543383243",Home Ranch,"-106.9174088, 40.7131609",Howelsen,"-106.8329011, 40.4827567",Vista Verde,"-106.8285456, 40.7638504",82.73333333,57.5,57.5
"Sandpoint, ID",78715,9704,8.15,1191,16%,C,76,0,59,59,"-116.548292708664, 48.2683335109839",Mountain Gear,"-117.3226638, 47.678368",49 Degrees,"-117.5629318, 48.3011041",Jug Mountain,"-116.0479775, 44.8329387",86.25,84.2,84.2
"Potsdam, NY",71722,9685,3.34,2902,20%,C,76,0,0,0,"-74.9882004340509, 44.6695467260844",Ski de fond Mont-Tremblant,"-74.5694771, 46.181067",Osceola,"-75.5978854, 43.4627838",Paul Smith's College,"-74.2608414, 44.452329",227,149.5333333,149.5333333
"Hailey, ID",36217,9628,5.82,1655,24%,C,76,9,25,34,"-114.294156207514, 43.5026930013675",BCRD Nordic,"-114.2938755, 43.5155169",Sun Valley,"-114.353624, 43.695609",Galena Lodge,"-114.6550743, 43.8720784",4.85,26.58333333,26.58333333
"Woodland Park, CO",97048,9559,8.50,1124,21%,C,76,2,24,26,"-105.045457372402, 38.9784113291785",Eldora,"-105.5826786, 39.9372203",Devil's Thumb,"-105.7842685, 39.9663313",Keystone,"-105.9347384, 39.5791675",173.1333333,195.1333333,195.1333333
"Claremont, NH",17101,9547,5.25,1820,13%,C,76,0,12,12,"-72.3500116460111, 43.3743414665166",Woodstock,"-72.518896, 43.623174",Eastman,"-72.1200467, 43.4982771",Northfield Mountain,"-72.471313, 42.610827",42.6,41.76666667,41.76666667
"Rifle, CO",74935,9300,3.93,2364,8%,C,76,21,18,39,"-107.773430881836, 39.5404697274473",Telluride,"-107.8066851, 37.9341352",Crested Butte,"-106.9874762, 38.8679422",Home Ranch,"-106.9174088, 40.7131609",222.7333333,193.0666667,193.0666667
"Little Falls, MN",50311,9294,6.29,1477,10%,C,76,0,1,1,"-94.3606923447581, 45.9793869635746",CIty Parks?,"-93.2650108, 44.977753",Eldora,"-105.5826786, 39.9372203",Devil's Thumb,"-105.7842685, 39.9663313",109.7833333,943.7333333,943.7333333
"Park City, UT",67618,9159,12.07,759,38%,C,76,0,8,8,"-111.511557379063, 40.6900721203518",Soldier Hollow,"-111.5011363, 40.4808987",Sundance,"-111.5785537, 40.3914719",Mountain Dell,"-111.9114578, 40.7552338",48.1,58.46666667,58.46666667
"Dayton, NV",22501,9153,6.29,1456,10%,C,76,0,30,30,"-119.55348502675, 39.272779071064",Hope Valley,"-119.9088482, 38.7379421",Tahoe,"-120.1061923, 39.1972293",Kirkwood XC,"-120.0722442, 38.7023082",77.2,90.36666667,90.36666667
"Ware, MA",91756,9120,8.02,1137,8%,C,76,0,0,0,"-72.2389795725319, 42.2508456450013",Northfield Mountain,"-72.471313, 42.610827",Eastman,"-72.1200467, 43.4982771",Grafton,"-72.6146009, 43.162418",70.36666667,166.1,166.1
"St. Albans, VT",77176,9108,4.19,2174,16%,C,76,0,6,6,"-73.0831509338841, 44.8092408446957",Catamount,"-73.048714, 44.447395",Sleepy Hollow,"-73.029276, 44.352089",Rikert,"-72.991087, 43.954787",47.81666667,59.1,59.1
"Othello, WA",66268,8867,7.85,1130,5%,C,76,0,6,6,"-119.185071977184, 46.8100786740583",Methow Trails,"-120.1823871, 48.4762676",Leavenworth,"-120.6703006, 47.5784587",SilverStar,"-119.0588591, 50.3597927",205.3166667,139,139
"Norwich, NY",64108,8797,3.45,2547,14%,C,76,0,0,0,"-75.5205504362124, 42.5347371485027",Osceola,"-75.5978854, 43.4627838",Osceola Ski and Sport,"-75.7016595, 43.5060069",Parc de la Gatineau,"-75.7724649, 45.4612618",118.2833333,116.95,116.95
"Sultan, WA",85573,8767,4.19,2092,17%,C,76,0,37,37,"-121.767394764706, 47.8655148083552",Stevens Pass,"-121.0902877, 47.7451493",Leavenworth,"-120.6703006, 47.5784587",Teacup Nordic,"-121.6422905, 45.3136991",49.98333333,92.75,92.75
"Belgrade, MT",6382,8705,10.38,839,23%,C,76,14,9,23,"-111.187126228598, 45.7824695023504",Lone Mountain,"-111.3245968, 45.2769552",Crosscut,"-110.887706, 45.828366",Rendezvous,"-111.1041092, 44.6621493",66.88333333,36.88333333,36.88333333
"Truckee, CA",88624,8701,10.59,822,37%,C,76,0,30,30,"-120.172215434329, 39.3382100998678",Tahoe Donner,"-120.2534233, 39.3633936",Tahoe,"-120.1061923, 39.1972293",Royal Gorge,"-120.3891698, 39.3133934",15.28333333,32.58333333,32.58333333
"Omak, WA",65296,8550,4.70,1817,10%,C,76,0,35,35,"-119.532830041372, 48.3993655041683",Methow Trails,"-120.1823871, 48.4762676",SilverStar,"-119.0588591, 50.3597927",Leavenworth,"-120.6703006, 47.5784587",67.86666667,271.7,271.7
"Kuna, ID",45775,8545,5.30,1612,14%,C,76,2,16,18,"-116.421126524558, 43.5031775079511",Bogus Basin,"-116.2058992, 43.6433908",Jug Mountain,"-116.0479775, 44.8329387",Galena Lodge,"-114.6550743, 43.8720784",30.15,150.7333333,150.7333333
"Livingston, MT",50608,8475,4.06,2090,21%,C,76,28,8,36,"-110.565430919199, 45.6589530189548",Crosscut,"-110.887706, 45.828366",Rendezvous,"-111.1041092, 44.6621493",Lone Mountain,"-111.3245968, 45.2769552",39.33333333,147.7833333,147.7833333
"Tremonton, UT",88354,8441,7.92,1065,12%,C,76,0,11,11,"-112.173809743778, 41.72173455282",Mountain Dell,"-111.9114578, 40.7552338",Sundance,"-111.5785537, 40.3914719",Soldier Hollow,"-111.5011363, 40.4808987",73.95,126.5833333,126.5833333
"Emmett, ID",27469,8436,5.61,1503,8%,C,76,0,19,19,"-116.488914959943, 43.8778949958223",Bogus Basin,"-116.2058992, 43.6433908",Jug Mountain,"-116.0479775, 44.8329387",Galena Lodge,"-114.6550743, 43.8720784",49.28333333,125.2333333,125.2333333
"Cortez, CO",20368,8397,3.67,2288,15%,C,76,44,2,46,"-108.575424309895, 37.3516528324246",Telluride,"-107.8066851, 37.9341352",Pagosa,"-107.0056993, 37.270875",Crested Butte,"-106.9874762, 38.8679422",107.7166667,127.8666667,127.8666667
"Kennebunk, ME",44425,8366,11.79,710,28%,C,76,0,0,0,"-70.5087044457478, 43.3719503163118",Harris Farm,"-70.5744266, 43.5288109",Carter's,"-70.7861165, 44.4664298",Akers,"-70.7522938, 44.6338548",29.13333333,140.7333333,140.7333333
"Live Oak (Sutter County), CA",50473,8240,1.90,4334,9%,C,76,0,11,11,"-121.663801439701, 39.2744108469268",Mt Shasta,"-122.181241, 41.317558",Royal Gorge,"-120.3891698, 39.3133934",Tahoe Donner,"-120.2534233, 39.3633936",202.6166667,129.2166667,129.2166667
"Catskill, NY",14644,8128,4.01,2028,11%,C,76,10,2,12,"-73.8998080131245, 42.2431231307425",Fahnestock,"-73.8246946, 41.4662118",Mountain Trails,"-74.142554, 42.195406",Mohonk Mountain,"-74.1364747, 41.7776369",90.58333333,27.71666667,27.71666667
"Brattleboro, VT--NH",9703,8114,4.74,1711,18%,C,76,0,5,5,"-72.5745793338149, 42.8564838083545",Grafton,"-72.6146009, 43.162418",Northfield Mountain,"-72.471313, 42.610827",Okemo Valley,"-72.70149, 43.415762",48.18333333,32.66666667,32.66666667
"Laurel, MT",48070,8075,6.55,1233,15%,C,76,0,0,0,"-108.761780650005, 45.6783482634778",Crosscut,"-110.887706, 45.828366",Rendezvous,"-111.1041092, 44.6621493",Home Ranch,"-106.9174088, 40.7131609",127.3833333,235.8333333,235.8333333
"Lee, MA",48745,7877,11.38,692,22%,C,76,0,3,3,"-73.2641219348289, 42.3196168556313",Notchview,"-73.1588148, 42.4764367",Pineridge,"-73.4677841, 42.6909853",Prospect,"-73.077599, 42.875404",31.7,63.23333333,63.23333333
"Ellenville, NY",27010,7834,3.18,2464,7%,C,76,54,0,54,"-74.3877188377111, 41.7271973934382",Bearpen,"-74.4551101, 42.2837935",Mohonk Mountain,"-74.1364747, 41.7776369",Mountain Trails,"-74.142554, 42.195406",91.63333333,39.23333333,39.23333333
"Ione, CA",41509,7823,2.52,3098,8%,C,76,2,4,6,"-120.946130907548, 38.3605670882189",Royal Gorge,"-120.3891698, 39.3133934",Tahoe Donner,"-120.2534233, 39.3633936",Kirkwood XC,"-120.0722442, 38.7023082",135.3333333,150.9333333,150.9333333
"Lake Pocotopaug--East Hampton, CT",47044,7789,10.24,760,20%,C,76,0,0,0,"-72.5136217197321, 41.5832760925354",Northfield Mountain,"-72.471313, 42.610827",Maple Corner,"-72.9596669, 42.1263221",Grafton,"-72.6146009, 43.162418",115.6833333,97.41666667,97.41666667
"Waconia, MN",91054,7763,4.41,1762,27%,C,76,0,0,0,"-93.7931603996539, 44.8414342843549",CIty Parks?,"-93.2650108, 44.977753",Eldora,"-105.5826786, 39.9372203",Devil's Thumb,"-105.7842685, 39.9663313",51.01666667,858.1666667,858.1666667
"Molalla, OR",58033,7689,3.64,2110,6%,C,76,0,61,61,"-122.583684192583, 45.1568431305221",Teacup Nordic,"-121.6422905, 45.3136991",Mt Bachelor,"-121.405239, 43.9971703",Stevens Pass,"-121.0902877, 47.7451493",100.4333333,211.5666667,211.5666667
"Sandy, OR",78823,7630,3.14,2433,12%,C,76,0,89,89,"-122.266476716537, 45.3978008215705",Teacup Nordic,"-121.6422905, 45.3136991",Mt Bachelor,"-121.405239, 43.9971703",Stevens Pass,"-121.0902877, 47.7451493",51.95,182.5333333,182.5333333
"Gridley, CA",35677,7619,4.51,1689,9%,C,76,0,12,12,"-121.68564937686, 39.3597649983762",Mt Shasta,"-122.181241, 41.317558",Royal Gorge,"-120.3891698, 39.3133934",Tahoe Donner,"-120.2534233, 39.3633936",197.8333333,119.4666667,119.4666667
"Madras, OR",53308,7483,5.33,1405,8%,C,76,1,172,173,"-121.136652874481, 44.6214261584687",Mt Bachelor,"-121.405239, 43.9971703",Teacup Nordic,"-121.6422905, 45.3136991",Leavenworth,"-120.6703006, 47.5784587",67.71666667,83.9,83.9
"Yreka, CA",97912,7461,4.95,1506,12%,C,76,0,114,114,"-122.638457244949, 41.7289987006756",Mt Shasta,"-122.181241, 41.317558",Mt Bachelor,"-121.405239, 43.9971703",Teacup Nordic,"-121.6422905, 45.3136991",56.8,252.6333333,252.6333333
"Monticello, NY",58843,7422,4.37,1699,7%,C,76,54,0,54,"-74.6958063572483, 41.6605748281772",Bearpen,"-74.4551101, 42.2837935",Mohonk Mountain,"-74.1364747, 41.7776369",Lapland,"-74.3251232, 43.2595452",98.35,74.66666667,74.66666667
"Saranac Lake, NY",79579,7404,4.46,1659,13%,C,76,0,0,0,"-74.1269897893159, 44.3239710832179",Paul Smith's College,"-74.2608414, 44.452329",Garnet Hill Lodge,"-74.1073348, 43.7124281",Cascade,"-73.9263423, 44.2412103",21.8,117.8,117.8
"Santaquin, UT",79471,7375,8.68,850,15%,C,76,0,24,24,"-111.799403039543, 39.9674979457284",Sundance,"-111.5785537, 40.3914719",Mountain Dell,"-111.9114578, 40.7552338",Soldier Hollow,"-111.5011363, 40.4808987",52.95,62.35,62.35
"Wapato, WA",91702,7330,2.66,2756,3%,C,76,7,31,38,"-120.427148481388, 46.4460128207841",Leavenworth,"-120.6703006, 47.5784587",Stevens Pass,"-121.0902877, 47.7451493",Methow Trails,"-120.1823871, 48.4762676",122.85,161.7666667,161.7666667
"Basalt--El Jebel, CO",5410,7303,4.03,1814,30%,C,76,0,20,20,"-107.062477804339, 39.3780899626924",Crested Butte,"-106.9874762, 38.8679422",Aspen Snowmass,"-106.8175387, 39.1910983",Ashcroft,"-106.8089318, 39.0380363",157.9666667,44.48333333,44.48333333
"Colchester, CT",18559,7247,14.64,495,23%,C,76,0,0,0,"-72.3401658684839, 41.5676316509009",Northfield Mountain,"-72.471313, 42.610827",Grafton,"-72.6146009, 43.162418",Eastman,"-72.1200467, 43.4982771",112.4333333,158.2833333,158.2833333
"Escalon, CA",27820,7167,1.97,3641,11%,C,76,7,3,10,"-120.995431578219, 37.7924516111246",Royal Gorge,"-120.3891698, 39.3133934",Bear Valley,"-120.0422834, 38.461523",Kirkwood XC,"-120.0722442, 38.7023082",175.5666667,120.7166667,120.7166667
"Birch Bay, WA",7759,7105,12.53,567,19%,C,76,2,6,8,"-122.763408174452, 48.9528351001335",Cypress Mountain,"-123.2046314, 49.396",Whistler,"-122.9555605, 50.1155699",Lost Lake,"-122.948241, 50.120232",94.23333333,165.0833333,165.0833333
"Roxborough Park, CO",76528,7083,2.50,2833,35%,C,76,0,40,40,"-105.078728400695, 39.4680136996514",Eldora,"-105.5826786, 39.9372203",Devil's Thumb,"-105.7842685, 39.9663313",Keystone,"-105.9347384, 39.5791675",99.81666667,120.9333333,120.9333333
"Lake Wildwood, CA",47233,6988,6.23,1122,21%,C,76,0,3,3,"-121.196410132537, 39.224164160901",Royal Gorge,"-120.3891698, 39.3133934",Tahoe Donner,"-120.2534233, 39.3633936",Tahoe,"-120.1061923, 39.1972293",74.66666667,90.9,90.9
"Lindstrom--Chisago City, MN",50122,6925,5.04,1374,14%,C,76,0,0,0,"-92.8552892470872, 45.3774963294734",CIty Parks?,"-93.2650108, 44.977753",Eldora,"-105.5826786, 39.9372203",Devil's Thumb,"-105.7842685, 39.9663313",55.85,899.7833333,899.7833333
"Gunnison, CO",36001,6923,3.22,2148,29%,C,76,16,16,32,"-106.935490907847, 38.5434006050766",Crested Butte,"-106.9874762, 38.8679422",Ashcroft,"-106.8089318, 39.0380363",Aspen Snowmass,"-106.8175387, 39.1910983",41.53333333,206.9166667,206.9166667
"Carbondale, CO",13564,6848,2.11,3239,21%,C,76,9,22,31,"-107.215578632589, 39.3972781485222",Crested Butte,"-106.9874762, 38.8679422",Aspen Snowmass,"-106.8175387, 39.1910983",Ashcroft,"-106.8089318, 39.0380363",139.7166667,56.33333333,56.33333333
"Ephrata, WA",27739,6833,2.90,2355,12%,C,76,0,28,28,"-119.550286697611, 47.3126271894279",Methow Trails,"-120.1823871, 48.4762676",Leavenworth,"-120.6703006, 47.5784587",Stevens Pass,"-121.0902877, 47.7451493",150.1166667,101.5666667,101.5666667
"New Richmond, WI",62974,6818,4.11,1661,14%,C,76,0,0,0,"-92.5374128862204, 45.1169727366563",CIty Parks?,"-93.2650108, 44.977753",Eldora,"-105.5826786, 39.9372203",Devil's Thumb,"-105.7842685, 39.9663313",56.88333333,899.5,899.5
"Jackson, CA",42049,6784,5.15,1317,13%,C,76,2,8,10,"-120.78605313038, 38.3662041680985",Royal Gorge,"-120.3891698, 39.3133934",Kirkwood XC,"-120.0722442, 38.7023082",Tahoe Donner,"-120.2534233, 39.3633936",144.15,95.13333333,95.13333333
"Presque Isle, ME",72154,6641,5.35,1242,14%,C,76,0,0,0,"-68.0199831361305, 46.6879478391023",Nordic Heritage Center,"-67.9510786, 46.7089019",Fort Kent,"-68.5879368, 47.2338001",Quarry Road,"-69.6579825, 44.5828526",8.866666667,75.25,75.25
"Mammoth Lakes, CA",53605,6583,3.32,1981,18%,C,76,22,6,28,"-118.978689416318, 37.6404913476511",Rock Creek,"-118.7230461, 37.4689222",Hope Valley,"-119.9088482, 38.7379421",Bear Valley,"-120.0422834, 38.461523",42.93333333,172.2666667,172.2666667
"Litchfield, MN",50257,6547,3.39,1930,12%,C,76,0,0,0,"-94.5235746003324, 45.128404823525",CIty Parks?,"-93.2650108, 44.977753",Eldora,"-105.5826786, 39.9372203",Devil's Thumb,"-105.7842685, 39.9663313",92.3,870.6666667,870.6666667
"Stafford Springs, CT",84169,6457,5.75,1124,12%,C,76,0,0,0,"-72.2945118492833, 41.966969451323",Northfield Mountain,"-72.471313, 42.610827",Grafton,"-72.6146009, 43.162418",Eastman,"-72.1200467, 43.4982771",99.98333333,145.8333333,145.8333333
"Canton, NY",13348,6341,3.26,1947,11%,C,76,0,0,0,"-75.1634701747601, 44.5964369226108",Osceola,"-75.5978854, 43.4627838",Osceola Ski and Sport,"-75.7016595, 43.5060069",Parc de la Gatineau,"-75.7724649, 45.4612618",137.2833333,139.95,139.95
"Salida, CO",78256,6336,4.90,1294,24%,C,76,14,42,56,"-106.007101852371, 38.5351344660143",Gold Run Nordic,"-106.0383518, 39.4816537",Brek,"-106.0572671, 39.4843684",Frisco,"-106.077767, 39.57494",109.3166667,107.7666667,107.7666667
"Coxsackie, NY",20773,6331,3.98,1590,8%,C,76,0,2,2,"-73.8155534563581, 42.3408372990004",Fahnestock,"-73.8246946, 41.4662118",Mountain Trails,"-74.142554, 42.195406",Mohonk Mountain,"-74.1364747, 41.7776369",100.85,47.28333333,47.28333333
"Lake of the Pines, CA",46963,6316,7.68,822,20%,C,76,0,7,7,"-121.031999271921, 39.0118978155458",Royal Gorge,"-120.3891698, 39.3133934",Tahoe Donner,"-120.2534233, 39.3633936",Tahoe,"-120.1061923, 39.1972293",66.68333333,82.91666667,82.91666667
"Aspen, CO",3520,6253,4.57,1368,48%,C,76,0,11,11,"-106.840169046864, 39.1992110907497",Aspen Snowmass,"-106.8175387, 39.1910983",Ashcroft,"-106.8089318, 39.0380363",Crested Butte,"-106.9874762, 38.8679422",13.38333333,34.78333333,34.78333333
"Jaffrey, NH",42454,6220,2.41,2578,22%,C,76,0,2,2,"-72.0193607175819, 42.8087231917925",Eastman,"-72.1200467, 43.4982771",Northfield Mountain,"-72.471313, 42.610827",Kingdom Trails,"-71.9721384, 44.5729609",94.58333333,63.95,63.95
"Cobleskill, NY",18343,6201,3.16,1964,10%,C,76,0,0,0,"-74.5074076131329, 42.6684879952163",Bearpen,"-74.4551101, 42.2837935",Lapland,"-74.3251232, 43.2595452",Mountain Trails,"-74.142554, 42.195406",58.63333333,93.86666667,93.86666667
"Stanwood, WA",84385,6194,2.69,2306,13%,C,76,4,15,19,"-122.342137987567, 48.2451622579351",Cypress Mountain,"-123.2046314, 49.396",Lost Lake,"-122.948241, 50.120232",Whistler,"-122.9555605, 50.1155699",152.1,225,225
"Kasson, MN",44047,6192,4.33,1431,16%,C,76,0,0,0,"-92.7515856014022, 44.0433182967922",CIty Parks?,"-93.2650108, 44.977753",Eldora,"-105.5826786, 39.9372203",Devil's Thumb,"-105.7842685, 39.9663313",99.58333333,813.4333333,813.4333333
"Rancho Calaveras--Valley Springs, CA",73315,6143,7.69,798,10%,C,76,2,4,6,"-120.845544590715, 38.1453756597142",Royal Gorge,"-120.3891698, 39.3133934",Bear Valley,"-120.0422834, 38.461523",Kirkwood XC,"-120.0722442, 38.7023082",177.8,106.3166667,106.3166667
"Estes Park, CO",27928,6108,7.49,816,24%,C,76,52,25,77,"-105.519054361521, 40.3638248098088",Eldora,"-105.5826786, 39.9372203",Devil's Thumb,"-105.7842685, 39.9663313",Snow Mountain Ranch,"-105.9394597, 40.086097",83.08333333,164.1,164.1
"Summit Park, UT",85681,6080,3.48,1745,43%,C,76,0,8,8,"-111.586847595416, 40.7524782967388",Soldier Hollow,"-111.5011363, 40.4808987",Sundance,"-111.5785537, 40.3914719",Mountain Dell,"-111.9114578, 40.7552338",40.33333333,51.11666667,51.11666667
"Quincy, WA",73072,6002,2.93,2045,5%,C,76,0,43,43,"-119.853908038285, 47.2345964418113",Methow Trails,"-120.1823871, 48.4762676",Leavenworth,"-120.6703006, 47.5784587",Stevens Pass,"-121.0902877, 47.7451493",158.85,76.55,76.55
"Leadville, CO",48448,5954,3.34,1784,14%,C,76,2,60,62,"-106.305577824263, 39.2580136929987",Vail,"-106.3447535, 39.6417229",Frisco,"-106.077767, 39.57494",Brek,"-106.0572671, 39.4843684",54.05,45.3,45.3
"Rumford, ME",76690,5728,1.95,2936,7%,C,76,0,12,12,"-70.5466294669284, 44.5521576788233",Rangeley Lakes,"-70.561212, 44.9557018",Akers,"-70.7522938, 44.6338548",Carter's,"-70.7861165, 44.4664298",69.86666667,26.16666667,26.16666667
"New Prague, MN",62947,5617,4.40,1278,21%,C,76,0,0,0,"-93.5743349188513, 44.5401363807585",CIty Parks?,"-93.2650108, 44.977753",Eldora,"-105.5826786, 39.9372203",Devil's Thumb,"-105.7842685, 39.9663313",60.55,838.5166667,838.5166667
"Weiser, ID--OR",93619,5611,2.58,2179,11%,C,76,0,15,15,"-116.970261502608, 44.2522528955379",Bogus Basin,"-116.2058992, 43.6433908",Jug Mountain,"-116.0479775, 44.8329387",Mountain Gear,"-117.3226638, 47.678368",95.36666667,124.5333333,124.5333333
"Glencoe, MN",33490,5599,2.72,2058,8%,C,76,0,0,0,"-94.1489265110115, 44.771763963463",CIty Parks?,"-93.2650108, 44.977753",Eldora,"-105.5826786, 39.9372203",Devil's Thumb,"-105.7842685, 39.9663313",70.46666667,844.2833333,844.2833333
"Skowhegan, ME",82387,5590,3.09,1809,7%,C,76,0,0,0,"-69.7174988650202, 44.7734670390732",Quarry Road,"-69.6579825, 44.5828526",Rangeley Lakes,"-70.561212, 44.9557018",Harris Farm,"-70.5744266, 43.5288109",36.3,99.65,99.65
"Honesdale, PA",39835,5564,4.24,1312,11%,C,76,54,0,54,"-75.2543166823359, 41.5662641807036",Osceola,"-75.5978854, 43.4627838",Osceola Ski and Sport,"-75.7016595, 43.5060069",Bearpen,"-74.4551101, 42.2837935",238,228.8166667,228.8166667
"Baldwin, WI",4762,5450,3.69,1477,19%,C,76,0,0,0,"-92.3996902765672, 44.9695853937468",CIty Parks?,"-93.2650108, 44.977753",Eldora,"-105.5826786, 39.9372203",Devil's Thumb,"-105.7842685, 39.9663313",57.73333333,895.6666667,895.6666667
"Columbia Falls, MT",19045,5413,4.53,1194,21%,C,76,51,8,59,"-114.193432028321, 48.3731937179337",Whitefish,"-114.3352652, 48.4106373",Calgary,"-114.1859741, 51.1387915",Canmore,"-115.3855351, 51.0903362",15.66666667,340.4,340.4
"Whitefish, MT",94753,5395,4.55,1187,28%,C,76,42,9,51,"-114.34188558933, 48.4066693299518",Whitefish,"-114.3352652, 48.4106373",Calgary,"-114.1859741, 51.1387915",Canmore,"-115.3855351, 51.0903362",3.783333333,341.1166667,341.1166667
"Stewartville, MN",84952,5395,2.56,2111,18%,C,76,0,0,0,"-92.4875146175778, 43.8605845653129",CIty Parks?,"-93.2650108, 44.977753",Eldora,"-105.5826786, 39.9372203",Devil's Thumb,"-105.7842685, 39.9663313",114.4166667,806.1166667,806.1166667
"Ephraim, UT",27712,5370,2.20,2439,21%,C,76,0,36,36,"-111.581561824182, 39.3573928120544",Sundance,"-111.5785537, 40.3914719",Soldier Hollow,"-111.5011363, 40.4808987",Mountain Dell,"-111.9114578, 40.7552338",104.6,120.35,120.35
"Chittenango, NY",16642,5345,2.14,2494,15%,C,76,0,1,1,"-75.8783131191749, 43.0485097490981",Osceola Ski and Sport,"-75.7016595, 43.5060069",Osceola,"-75.5978854, 43.4627838",Parc de la Gatineau,"-75.7724649, 45.4612618",69.75,75.96666667,75.96666667
"Breckenridge, CO",9811,5341,6.49,823,47%,C,76,2,72,74,"-106.042471709434, 39.4827194076346",Gold Run Nordic,"-106.0383518, 39.4816537",Brek,"-106.0572671, 39.4843684",Frisco,"-106.077767, 39.57494",3.4,4.916666667,4.916666667
"Cashmere, WA",14455,5326,2.83,1880,10%,C,76,0,62,62,"-120.489920065855, 47.520411379414",Leavenworth,"-120.6703006, 47.5784587",Methow Trails,"-120.1823871, 48.4762676",Stevens Pass,"-121.0902877, 47.7451493",23.03333333,133.5333333,133.5333333
"Rupert, ID",76744,5293,3.14,1684,6%,C,76,3,3,6,"-113.683145212718, 42.6163945608445",BCRD Nordic,"-114.2938755, 43.5155169",Sun Valley,"-114.353624, 43.695609",Galena Lodge,"-114.6550743, 43.8720784",116.6166667,138.6333333,138.6333333
"Lake City, MN",46585,5251,3.60,1457,11%,C,76,0,0,0,"-92.2754922877932, 44.4429342987445",CIty Parks?,"-93.2650108, 44.977753",Eldora,"-105.5826786, 39.9372203",Devil's Thumb,"-105.7842685, 39.9663313",99.45,860.9166667,860.9166667
"Woodland, WA",97021,5246,3.49,1503,6%,C,76,0,57,57,"-122.745077797804, 45.9155062564325",Teacup Nordic,"-121.6422905, 45.3136991",Mt Bachelor,"-121.405239, 43.9971703",Stevens Pass,"-121.0902877, 47.7451493",119.2333333,249.9833333,249.9833333
"Battlement Mesa, CO",5734,5218,2.93,1783,18%,C,76,21,11,32,"-108.041236803929, 39.4429295874984",Telluride,"-107.8066851, 37.9341352",Crested Butte,"-106.9874762, 38.8679422",Home Ranch,"-106.9174088, 40.7131609",207.65,203.8833333,203.8833333
"Valatie, NY",89947,5169,5.47,945,14%,C,76,0,3,3,"-73.6788455170426, 42.4220631563703",Pineridge,"-73.4677841, 42.6909853",Fahnestock,"-73.8246946, 41.4662118",Mountain Trails,"-74.142554, 42.195406",48.43333333,101.95,101.95
"New Castle, CO",62110,5128,2.35,2186,13%,C,76,21,23,44,"-107.527933673741, 39.5750921714614",Telluride,"-107.8066851, 37.9341352",Crested Butte,"-106.9874762, 38.8679422",Home Ranch,"-106.9174088, 40.7131609",230.2,175.5833333,175.5833333
"Grantsville, UT",34543,5109,3.77,1354,13%,C,76,0,8,8,"-112.457333607523, 40.5911207106294",Mountain Dell,"-111.9114578, 40.7552338",Sundance,"-111.5785537, 40.3914719",Soldier Hollow,"-111.5011363, 40.4808987",45.5,98.13333333,98.13333333
"Eagle, CO",25390,5092,2.46,2073,28%,C,76,0,36,36,"-106.824506686096, 39.6440983917077",Aspen Snowmass,"-106.8175387, 39.1910983",Ashcroft,"-106.8089318, 39.0380363",Howelsen,"-106.8329011, 40.4827567",112.0666667,133.55,133.55
"Rathdrum, ID",73423,5087,2.60,1955,15%,C,76,0,16,16,"-116.890344804434, 47.8049211119225",Mountain Gear,"-117.3226638, 47.678368",49 Degrees,"-117.5629318, 48.3011041",Jug Mountain,"-116.0479775, 44.8329387",39.5,90.98333333,90.98333333
"Colville, WA",19369,5059,4.60,1100,17%,C,76,0,25,25,"-117.895145689286, 48.5428334477225",49 Degrees,"-117.5629318, 48.3011041",Mountain Gear,"-117.3226638, 47.678368",SilverStar,"-119.0588591, 50.3597927",45.18333333,98.51666667,98.51666667
"Gypsum, CO",36136,5037,3.49,1442,15%,C,76,0,36,36,"-106.941082535779, 39.6402446172122",Aspen Snowmass,"-106.8175387, 39.1910983",Ashcroft,"-106.8089318, 39.0380363",Crested Butte,"-106.9874762, 38.8679422",102.5,123.9,123.9
"North Branch, MN",63541,5014,5.55,903,4%,C,76,0,0,0,"-92.9871249768881, 45.5038644575711",CIty Parks?,"-93.2650108, 44.977753",Eldora,"-105.5826786, 39.9372203",Devil's Thumb,"-105.7842685, 39.9663313",62.36666667,897.2166667,897.2166667
"Red Hook, NY",73828,4996,7.09,704,20%,C,76,14,0,14,"-73.8922824657031, 42.0056841270852",Fahnestock,"-73.8246946, 41.4662118",Mohonk Mountain,"-74.1364747, 41.7776369",Mountain Trails,"-74.142554, 42.195406",69.53333333,54.16666667,54.16666667
"St. Johnsbury, VT",77689,4991,3.31,1509,19%,C,76,0,15,15,"-72.0131656140249, 44.4345233245632",Kingdom Trails,"-71.9721384, 44.5729609",Memphremagog,"-72.1832202, 44.9606155",Eastman,"-72.1200467, 43.4982771",22.78333333,48.8,48.8
"Little Falls, NY",50338,4868,3.89,1253,15%,C,76,0,0,0,"-74.856686824655, 43.0452440486635",Bearpen,"-74.4551101, 42.2837935",Lapland,"-74.3251232, 43.2595452",Paul Smith's College,"-74.2608414, 44.452329",111.7833333,66.45,66.45
"West Wendover, NV--UT",94591,4813,6.84,704,2%,C,76,0,1,1,"-114.034098544697, 40.7230832999158",BCRD Nordic,"-114.2938755, 43.5155169",Sun Valley,"-114.353624, 43.695609",Galena Lodge,"-114.6550743, 43.8720784",272.5666667,294.5,294.5
"Bellows Falls, VT--NH",6679,4804,3.92,1227,11%,C,76,0,9,9,"-72.4499463535238, 43.1236642656935",Northfield Mountain,"-72.471313, 42.610827",Grafton,"-72.6146009, 43.162418",Woodstock,"-72.518896, 43.623174",57.78333333,23.48333333,23.48333333
"Browning, MT",10864,4772,1.88,2543,8%,C,76,78,2,80,"-113.020183510724, 48.5553199034262",Whitefish,"-114.3352652, 48.4106373",Calgary,"-114.1859741, 51.1387915",Lone Mountain,"-111.3245968, 45.2769552",112.1333333,240.0333333,240.0333333
"Roosevelt, UT",76258,4723,3.14,1504,15%,C,76,18,2,20,"-109.997417300789, 40.2953883062103",Soldier Hollow,"-111.5011363, 40.4808987",Sundance,"-111.5785537, 40.3914719",Rendezvous,"-111.1041092, 44.6621493",125.0166667,133.3833333,133.3833333
"Great Barrington, MA",34678,4720,5.16,915,22%,C,76,0,3,3,"-73.3622669173943, 42.2196583332377",Pineridge,"-73.4677841, 42.6909853",Notchview,"-73.1588148, 42.4764367",Prospect,"-73.077599, 42.875404",67.21666667,52.86666667,52.86666667
"Springfield, VT",84007,4658,3.09,1509,7%,C,76,0,10,10,"-72.4952022473094, 43.3041744799773",Woodstock,"-72.518896, 43.623174",Grafton,"-72.6146009, 43.162418",Okemo Valley,"-72.70149, 43.415762",42.05,26.5,26.5
"Nephi, UT",61570,4641,3.21,1446,9%,C,76,0,34,34,"-111.8313668889, 39.7108249581666",Sundance,"-111.5785537, 40.3914719",Mountain Dell,"-111.9114578, 40.7552338",Soldier Hollow,"-111.5011363, 40.4808987",65.28333333,75.06666667,75.06666667
"Ravena, NY",73477,4593,4.29,1071,7%,C,76,0,4,4,"-73.812246708084, 42.5024958610657",Fahnestock,"-73.8246946, 41.4662118",Mountain Trails,"-74.142554, 42.195406",Pineridge,"-73.4677841, 42.6909853",145.4833333,57.68333333,57.68333333
"Liberty, NY",49663,4548,2.28,1991,7%,C,76,53,0,53,"-74.7425269195401, 41.796629105821",Bearpen,"-74.4551101, 42.2837935",Lapland,"-74.3251232, 43.2595452",Mohonk Mountain,"-74.1364747, 41.7776369",87.96666667,212.5,212.5
"Monte Vista, CO",58546,4544,2.10,2167,10%,C,76,10,49,59,"-106.140699994485, 37.5783494074858",Brek,"-106.0572671, 39.4843684",Gold Run Nordic,"-106.0383518, 39.4816537",Frisco,"-106.077767, 39.57494",186.0333333,187.5,187.5
"Cottonwood, CA",20584,4510,3.39,1332,9%,C,76,24,22,46,"-122.307798032853, 40.3885123685002",Mt Shasta,"-122.181241, 41.317558",Royal Gorge,"-120.3891698, 39.3133934",Mt Bachelor,"-121.405239, 43.9971703",106.0166667,212.8833333,212.8833333
"Polson, MT",70588,4498,2.85,1580,13%,C,76,13,1,14,"-114.158369261551, 47.6902305174423",Whitefish,"-114.3352652, 48.4106373",Calgary,"-114.1859741, 51.1387915",Sun Valley,"-114.353624, 43.695609",90.06666667,415.35,415.35
"Fair Haven, VT",28819,4494,3.36,1337,11%,C,76,0,11,11,"-73.239776586224, 43.6005714808575",Prospect,"-73.077599, 42.875404",Rikert,"-72.991087, 43.954787",Sleepy Hollow,"-73.029276, 44.352089",97.58333333,65.26666667,65.26666667
"Newport, VT",62920,4444,2.77,1607,12%,C,76,0,4,4,"-72.2060102170226, 44.9360656026154",Memphremagog,"-72.1832202, 44.9606155",Craftsbury,"-72.36351, 44.680359",Kingdom Trails,"-71.9721384, 44.5729609",7.083333333,42.73333333,42.73333333
"Northfield, VT",63703,4417,1.85,2391,18%,C,76,0,8,8,"-72.6574042234197, 44.1492032613795",Trapp Family Lodge,"-72.7451723, 44.4654613",Edson Hill,"-72.734681, 44.5109926",Stowe,"-72.78135, 44.530887",50.51666667,60.41666667,60.41666667
"Pagosa Springs, CO",66889,4400,5.32,827,19%,C,76,3,36,39,"-107.072405724239, 37.2684060936021",Pagosa,"-107.0056993, 37.270875",Crested Butte,"-106.9874762, 38.8679422",Ashcroft,"-106.8089318, 39.0380363",8.783333333,241.1666667,241.1666667
"Stansbury Park, UT",84304,4397,2.90,1515,24%,C,76,0,8,8,"-112.29446457726, 40.6429670860586",Mountain Dell,"-111.9114578, 40.7552338",Sundance,"-111.5785537, 40.3914719",Soldier Hollow,"-111.5011363, 40.4808987",34.76666667,87.4,87.4
"Ketchum, ID",44695,4363,3.46,1260,35%,C,76,6,29,35,"-114.371744133099, 43.682004911205",Sun Valley,"-114.353624, 43.695609",BCRD Nordic,"-114.2938755, 43.5155169",Galena Lodge,"-114.6550743, 43.8720784",8.833333333,28.38333333,28.38333333
"Libby, MT",49609,4334,2.87,1508,10%,C,76,0,63,63,"-115.563569328782, 48.3934825083921",Canmore,"-115.3855351, 51.0903362",Whitefish,"-114.3352652, 48.4106373",Jug Mountain,"-116.0479775, 44.8329387",370.7333333,116.3166667,116.3166667
"Byron, MN",12106,4330,2.37,1826,17%,C,76,0,0,0,"-92.6438525983854, 44.038011103243",CIty Parks?,"-93.2650108, 44.977753",Eldora,"-105.5826786, 39.9372203",Devil's Thumb,"-105.7842685, 39.9663313",105.3333333,818.5666667,818.5666667
"Tupper Lake, NY",89056,4261,2.05,2083,10%,C,76,0,0,0,"-74.4654069048209, 44.2324154684779",Paul Smith's College,"-74.2608414, 44.452329",Lapland,"-74.3251232, 43.2595452",Garnet Hill Lodge,"-74.1073348, 43.7124281",44.65,140.1333333,140.1333333
"Vail, CO",89920,4208,3.17,1327,48%,C,76,0,45,45,"-106.380373229687, 39.6308933368767",Vail,"-106.3447535, 39.6417229",Latigo,"-106.5502524, 40.1586427",Frisco,"-106.077767, 39.57494",22.3,120.0833333,120.0833333
"Buhl, ID",11404,4160,1.56,2669,7%,C,76,3,0,3,"-114.760854719167, 42.5979848566907",Galena Lodge,"-114.6550743, 43.8720784",BCRD Nordic,"-114.2938755, 43.5155169",Sun Valley,"-114.353624, 43.695609",152.4333333,106.2,106.2
"Sidney, NY",81847,4122,3.84,1074,12%,C,76,2,0,2,"-75.3727943203708, 42.3152359928044",Osceola,"-75.5978854, 43.4627838",Osceola Ski and Sport,"-75.7016595, 43.5060069",Parc de la Gatineau,"-75.7724649, 45.4612618",143.65,144.45,144.45
"Camden, ME",12943,4110,2.98,1380,27%,C,76,0,0,0,"-69.0779390510614, 44.207337249994",Quarry Road,"-69.6579825, 44.5828526",Fort Kent,"-68.5879368, 47.2338001",Nordic Heritage Center,"-67.9510786, 46.7089019",91.08333333,300.6166667,300.6166667
"Hillsborough, NH",38971,4109,3.10,1327,9%,C,76,0,2,2,"-71.8973399632456, 43.1292878856251",Eastman,"-72.1200467, 43.4982771",Kingdom Trails,"-71.9721384, 44.5729609",Gunstock,"-71.3588827, 43.550139",56.08333333,147.7666667,147.7666667
"Sauk Centre, MN",79687,4014,3.07,1308,9%,C,76,0,0,0,"-94.9533970482919, 45.7360757357996",CIty Parks?,"-93.2650108, 44.977753",Eldora,"-105.5826786, 39.9372203",Devil's Thumb,"-105.7842685, 39.9663313",105.35,892.2,892.2
"Gouverneur, NY",34030,4011,2.22,1806,12%,C,76,0,0,0,"-75.4647432028913, 44.3321830975778",Osceola,"-75.5978854, 43.4627838",Osceola Ski and Sport,"-75.7016595, 43.5060069",Parc de la Gatineau,"-75.7724649, 45.4612618",109.1166667,107.9666667,107.9666667
"Houlton, ME",40348,4008,1.81,2212,13%,C,76,0,0,0,"-67.8385227899597, 46.1243232802203",Nordic Heritage Center,"-67.9510786, 46.7089019",Fort Kent,"-68.5879368, 47.2338001",Quarry Road,"-69.6579825, 44.5828526",68.45,136.35,136.35
"Prescott, WI",72100,3896,1.67,2331,13%,C,76,0,0,0,"-92.7912384256249, 44.7537082396945",CIty Parks?,"-93.2650108, 44.977753",Eldora,"-105.5826786, 39.9372203",Devil's Thumb,"-105.7842685, 39.9663313",49.9,874.4666667,874.4666667
"Princeton, MN",72370,3853,3.24,1189,18%,C,76,0,0,0,"-93.5877702242442, 45.5693133505428",CIty Parks?,"-93.2650108, 44.977753",Eldora,"-105.5826786, 39.9372203",Devil's Thumb,"-105.7842685, 39.9663313",66.18333333,916.2666667,916.2666667
"Cannon Falls, MN",13240,3844,2.75,1400,20%,C,76,0,0,0,"-92.9027878294514, 44.5092407162122",CIty Parks?,"-93.2650108, 44.977753",Eldora,"-105.5826786, 39.9372203",Devil's Thumb,"-105.7842685, 39.9663313",58.61666667,841.0666667,841.0666667
"Lake Placid, NY",47017,3840,1.86,2061,21%,C,76,0,0,0,"-73.984204504767, 44.2799625650476",Cascade,"-73.9263423, 44.2412103",Mt Van Hoevenberg,"-73.9135195, 44.2244201",Garnet Hill Lodge,"-74.1073348, 43.7124281",9.566666667,12.5,12.5
"Belle Plaine, MN",6571,3808,2.59,1469,16%,C,76,0,0,0,"-93.7645883105204, 44.6200211767306",CIty Parks?,"-93.2650108, 44.977753",Eldora,"-105.5826786, 39.9372203",Devil's Thumb,"-105.7842685, 39.9663313",56.28333333,836.6,836.6
"North Brookfield, MA",63568,3805,7.83,486,10%,C,76,0,0,0,"-72.0968089368851, 42.2348931369306",Eastman,"-72.1200467, 43.4982771",Northfield Mountain,"-72.471313, 42.610827",Grafton,"-72.6146009, 43.162418",174.8,73.48333333,73.48333333
"Le Sueur, MN",49177,3800,1.84,2065,18%,C,76,0,0,0,"-93.9032137909387, 44.4618576308856",CIty Parks?,"-93.2650108, 44.977753",Eldora,"-105.5826786, 39.9372203",Devil's Thumb,"-105.7842685, 39.9663313",72.4,823.9666667,823.9666667
"Hamilton, NY",36433,3791,1.85,2052,16%,C,76,0,0,0,"-75.5440684598274, 42.826172672227",Osceola,"-75.5978854, 43.4627838",Osceola Ski and Sport,"-75.7016595, 43.5060069",Parc de la Gatineau,"-75.7724649, 45.4612618",88.06666667,82.71666667,82.71666667
"Farmington, ME",29224,3782,2.21,1711,20%,C,76,0,0,0,"-70.1488137169877, 44.6714287268446",Rangeley Lakes,"-70.561212, 44.9557018",Quarry Road,"-69.6579825, 44.5828526",Harris Farm,"-70.5744266, 43.5288109",59.65,58.65,58.65
"Plymouth, NH",70318,3763,2.31,1632,16%,C,76,0,13,13,"-71.6883285339103, 43.7672009535933",Bretton Woods,"-71.4379694, 44.2544692",Gunstock,"-71.3588827, 43.550139",Kingdom Trails,"-71.9721384, 44.5729609",57.95,50.16666667,50.16666667
"Chelan, WA",15913,3750,4.91,764,16%,C,76,0,52,52,"-120.071135676363, 47.8577148755841",Methow Trails,"-120.1823871, 48.4762676",Leavenworth,"-120.6703006, 47.5784587",Stevens Pass,"-121.0902877, 47.7451493",87.1,81.95,81.95
"Littleton, NH",50446,3739,2.53,1480,20%,C,76,0,14,14,"-71.76963833014, 44.3053038012484",Kingdom Trails,"-71.9721384, 44.5729609",Bretton Woods,"-71.4379694, 44.2544692",Eastman,"-72.1200467, 43.4982771",43.43333333,34.45,34.45
"Zimmerman, MN",98209,3712,9.44,393,12%,C,76,0,0,0,"-93.6087696698137, 45.4577097558931",CIty Parks?,"-93.2650108, 44.977753",Eldora,"-105.5826786, 39.9372203",Devil's Thumb,"-105.7842685, 39.9663313",57.86666667,909.9,909.9
"Lowville, NY",51850,3704,1.77,2089,10%,C,76,0,0,0,"-75.4865037378313, 43.7873895936829",Osceola,"-75.5978854, 43.4627838",Osceola Ski and Sport,"-75.7016595, 43.5060069",Parc de la Gatineau,"-75.7724649, 45.4612618",45.91666667,53.83333333,53.83333333
"Mattawa, WA",55522,3696,0.63,5845,2%,C,76,0,24,24,"-119.902192177842, 46.7354836503001",Leavenworth,"-120.6703006, 47.5784587",Methow Trails,"-120.1823871, 48.4762676",Stevens Pass,"-121.0902877, 47.7451493",123.2,205.5,205.5
"Caribou, ME",13645,3693,2.45,1507,17%,C,76,0,0,0,"-68.0100852453703, 46.8559773558595",Nordic Heritage Center,"-67.9510786, 46.7089019",Fort Kent,"-68.5879368, 47.2338001",Quarry Road,"-69.6579825, 44.5828526",18.2,57.66666667,57.66666667
"Cold Spring, MN",18586,3665,2.44,1499,10%,C,76,0,0,0,"-94.4294431185329, 45.4574704063415",CIty Parks?,"-93.2650108, 44.977753",Eldora,"-105.5826786, 39.9372203",Devil's Thumb,"-105.7842685, 39.9663313",80.26666667,887.8666667,887.8666667
"Gooding, ID",33895,3661,1.37,2678,8%,C,76,9,5,14,"-114.714339181544, 42.9365531328387",Galena Lodge,"-114.6550743, 43.8720784",Sun Valley,"-114.353624, 43.695609",BCRD Nordic,"-114.2938755, 43.5155169",120.7166667,95.83333333,95.83333333
"Yerington, NV",97669,3656,1.51,2423,9%,C,76,0,26,26,"-119.163707105487, 38.9830963685627",Hope Valley,"-119.9088482, 38.7379421",Rock Creek,"-118.7230461, 37.4689222",Bear Valley,"-120.0422834, 38.461523",102.4,171.5333333,171.5333333
"Wurtsboro, NY",97399,3650,4.45,820,9%,C,76,55,0,55,"-74.4139184012177, 41.5809667150733",Bearpen,"-74.4551101, 42.2837935",Mohonk Mountain,"-74.1364747, 41.7776369",Mountain Trails,"-74.142554, 42.195406",118.3,56.03333333,56.03333333
"St. Anthony, ID",77203,3641,1.85,1971,11%,C,76,18,23,41,"-111.681181717014, 43.9627610363192",Lone Mountain,"-111.3245968, 45.2769552",Rendezvous,"-111.1041092, 44.6621493",Crosscut,"-110.887706, 45.828366",146.6666667,81.4,81.4
"Rigby, ID",74962,3619,8.37,432,15%,C,76,15,32,47,"-111.912588715413, 43.6650778124503",Lone Mountain,"-111.3245968, 45.2769552",Rendezvous,"-111.1041092, 44.6621493",Mountain Dell,"-111.9114578, 40.7552338",169.7833333,104.5166667,104.5166667
"Jordan, MN",43426,3615,2.28,1584,17%,C,76,0,0,0,"-93.6366979548353, 44.6650200991815",CIty Parks?,"-93.2650108, 44.977753",Eldora,"-105.5826786, 39.9372203",Devil's Thumb,"-105.7842685, 39.9663313",48.4,845.0833333,845.0833333
"Mountain Home AFB, ID",59734,3613,7.56,478,14%,C,76,3,8,11,"-115.866219150587, 43.0466529056612",Bogus Basin,"-116.2058992, 43.6433908",Jug Mountain,"-116.0479775, 44.8329387",Galena Lodge,"-114.6550743, 43.8720784",73.55,196.25,196.25
"Buena Vista, CO",11242,3599,3.86,934,10%,C,76,4,50,54,"-106.129742777688, 38.831290263422",Brek,"-106.0572671, 39.4843684",Gold Run Nordic,"-106.0383518, 39.4816537",Frisco,"-106.077767, 39.57494",84.7,86.25,86.25
"Hoosick Falls, NY",39997,3576,1.62,2201,16%,C,76,0,5,5,"-73.3500274555362, 42.900948422805",Pineridge,"-73.4677841, 42.6909853",Notchview,"-73.1588148, 42.4764367",Prospect,"-73.077599, 42.875404",33.28333333,68.3,68.3
"Cazenovia, NY",14671,3544,1.56,2270,33%,C,76,0,1,1,"-75.8555978696646, 42.9371732194994",Osceola Ski and Sport,"-75.7016595, 43.5060069",Osceola,"-75.5978854, 43.4627838",Parc de la Gatineau,"-75.7724649, 45.4612618",80.36666667,86.45,86.45
"Everson, WA",28468,3503,3.05,1148,14%,C,76,2,6,8,"-122.349201026575, 48.9115948361874",Lost Lake,"-122.948241, 50.120232",Whistler,"-122.9555605, 50.1155699",Cypress Mountain,"-123.2046314, 49.396",180.1333333,177.2333333,177.2333333
"Cle Elum, WA",17560,3490,3.02,1154,13%,C,76,0,58,58,"-120.957572716976, 47.201998030358",Stevens Pass,"-121.0902877, 47.7451493",Leavenworth,"-120.6703006, 47.5784587",Methow Trails,"-120.1823871, 48.4762676",107.5,68.58333333,68.58333333
"Watertown, MN",92647,3474,1.87,1855,22%,C,76,0,0,0,"-93.8431269923746, 44.9581673679915",CIty Parks?,"-93.2650108, 44.977753",Eldora,"-105.5826786, 39.9372203",Devil's Thumb,"-105.7842685, 39.9663313",45.56666667,872.45,872.45
"Estacada, OR",27901,3399,2.85,1194,9%,C,76,0,82,82,"-122.332497757669, 45.3003489171393",Teacup Nordic,"-121.6422905, 45.3136991",Mt Bachelor,"-121.405239, 43.9971703",Stevens Pass,"-121.0902877, 47.7451493",68.7,199.2833333,199.2833333
"Wellington, CO",93673,3362,2.72,1236,20%,C,76,31,37,68,"-105.005121759656, 40.7015486952855",Eldora,"-105.5826786, 39.9372203",Devil's Thumb,"-105.7842685, 39.9663313",Snow Mountain Ranch,"-105.9394597, 40.086097",119.0333333,164.0166667,164.0166667
"Nyssa, OR",64243,3348,1.76,1907,2%,C,76,0,16,16,"-116.997172892845, 43.8781257725559",Bogus Basin,"-116.2058992, 43.6433908",Jug Mountain,"-116.0479775, 44.8329387",Mountain Gear,"-117.3226638, 47.678368",65.6,164.8666667,164.8666667
"Plainview, MN",69940,3328,1.56,2139,11%,C,76,0,0,0,"-92.1643946104138, 44.1646175456456",CIty Parks?,"-93.2650108, 44.977753",Eldora,"-105.5826786, 39.9372203",Devil's Thumb,"-105.7842685, 39.9663313",112.45,839.5,839.5
"Goldendale, WA",33787,3310,1.90,1746,11%,C,76,0,89,89,"-120.818650112729, 45.8225855367712",Teacup Nordic,"-121.6422905, 45.3136991",Leavenworth,"-120.6703006, 47.5784587",Stevens Pass,"-121.0902877, 47.7451493",100.2333333,183.3,183.3
"Gunnison, UT",36028,3274,2.34,1398,10%,C,76,0,54,54,"-111.818190773064, 39.1411556157858",Sundance,"-111.5785537, 40.3914719",Soldier Hollow,"-111.5011363, 40.4808987",Mountain Dell,"-111.9114578, 40.7552338",107.8833333,123.2666667,123.2666667
"Newport, NH",62785,3257,3.42,953,17%,C,76,0,11,11,"-72.1677106674521, 43.3589527756993",Eastman,"-72.1200467, 43.4982771",Woodstock,"-72.518896, 43.623174",Northfield Mountain,"-72.471313, 42.610827",22.9,58.65,58.65
"Corinth, NY",20125,3225,2.79,1156,11%,C,76,0,5,5,"-73.8324648576881, 43.2607217621438",Mt Van Hoevenberg,"-73.9135195, 44.2244201",Cascade,"-73.9263423, 44.2412103",Garnet Hill Lodge,"-74.1073348, 43.7124281",105.6666667,107.0333333,107.0333333
"Delta, UT",23284,3180,1.92,1660,15%,C,76,0,6,6,"-112.573436664802, 39.3529834912026",Mountain Dell,"-111.9114578, 40.7552338",Sundance,"-111.5785537, 40.3914719",Soldier Hollow,"-111.5011363, 40.4808987",130.8166667,121.0333333,121.0333333
"Cold Spring, NY",18613,3174,2.77,1144,24%,C,76,65,0,65,"-73.9394920779707, 41.4377685905936",Fahnestock,"-73.8246946, 41.4662118",Mohonk Mountain,"-74.1364747, 41.7776369",Mountain Trails,"-74.142554, 42.195406",12.16666667,66.13333333,66.13333333
"Manti, UT",54226,3174,1.62,1953,16%,C,76,0,42,42,"-111.638147968738, 39.2642864376002",Sundance,"-111.5785537, 40.3914719",Soldier Hollow,"-111.5011363, 40.4808987",Mountain Dell,"-111.9114578, 40.7552338",113.2666667,128.8333333,128.8333333
"Rancho Murieta, CA",73342,3172,4.15,763,38%,C,76,2,5,7,"-121.081570162301, 38.5023176552205",Royal Gorge,"-120.3891698, 39.3133934",Tahoe Donner,"-120.2534233, 39.3633936",Kirkwood XC,"-120.0722442, 38.7023082",119.85,136.4666667,136.4666667
"Melrose, MN",56089,3160,1.31,2406,8%,C,76,0,0,0,"-94.8159753891068, 45.6758404105269",CIty Parks?,"-93.2650108, 44.977753",Eldora,"-105.5826786, 39.9372203",Devil's Thumb,"-105.7842685, 39.9663313",96.81666667,897.2333333,897.2333333
"Belfast, ME",6355,3139,2.64,1187,22%,C,76,0,0,0,"-69.0053953742312, 44.4240463430816",Quarry Road,"-69.6579825, 44.5828526",Fort Kent,"-68.5879368, 47.2338001",Nordic Heritage Center,"-67.9510786, 46.7089019",70.05,271.25,271.25
"Portola, CA",71398,3131,1.45,2165,9%,C,76,0,9,9,"-120.475597477737, 39.8106064383839",Royal Gorge,"-120.3891698, 39.3133934",Tahoe Donner,"-120.2534233, 39.3633936",Tahoe,"-120.1061923, 39.1972293",87.96666667,71.45,71.45
"Kellogg, ID",44263,3131,1.98,1584,8%,C,76,0,12,12,"-116.130982737959, 47.5376635643061",Jug Mountain,"-116.0479775, 44.8329387",Mountain Gear,"-117.3226638, 47.678368",49 Degrees,"-117.5629318, 48.3011041",373.3166667,71.05,71.05
"Mora, MN",59113,3123,2.45,1274,16%,C,76,0,0,0,"-93.2950360729702, 45.8671702916166",CIty Parks?,"-93.2650108, 44.977753",Eldora,"-105.5826786, 39.9372203",Devil's Thumb,"-105.7842685, 39.9663313",87.51666667,940.75,940.75
"Norwood Young America, MN",64189,3117,1.84,1695,11%,C,76,0,0,0,"-93.9186417513714, 44.7735749949177",CIty Parks?,"-93.2650108, 44.977753",Eldora,"-105.5826786, 39.9372203",Devil's Thumb,"-105.7842685, 39.9663313",55.05,850.9333333,850.9333333
"Pine City, MN",69481,3103,1.86,1672,4%,C,76,0,0,0,"-92.9667480644909, 45.8282499041939",CIty Parks?,"-93.2650108, 44.977753",Eldora,"-105.5826786, 39.9372203",Devil's Thumb,"-105.7842685, 39.9663313",72.8,918.05,918.05
"Waterbury, VT",92512,3102,2.96,1046,27%,C,76,0,8,8,"-72.7362509269959, 44.348929070998",Trapp Family Lodge,"-72.7451723, 44.4654613",Edson Hill,"-72.734681, 44.5109926",Stowe,"-72.78135, 44.530887",20.13333333,30.4,30.4
"Angels, CA",2494,3101,2.66,1164,9%,C,76,2,8,10,"-120.552220514526, 38.0742384909501",Bear Valley,"-120.0422834, 38.461523",Kirkwood XC,"-120.0722442, 38.7023082",Royal Gorge,"-120.3891698, 39.3133934",71.23333333,131.9833333,131.9833333
"Ticonderoga, NY",87571,3096,1.88,1647,13%,C,76,0,10,10,"-73.4294277615707, 43.8454326304931",Pineridge,"-73.4677841, 42.6909853",Catamount,"-73.048714, 44.447395",Sleepy Hollow,"-73.029276, 44.352089",147.3166667,95.05,95.05
"Bloomer, WI",8299,3089,1.97,1570,17%,C,76,0,0,0,"-91.4932517670994, 45.1027354278103",CIty Parks?,"-93.2650108, 44.977753",Eldora,"-105.5826786, 39.9372203",Devil's Thumb,"-105.7842685, 39.9663313",115.3333333,951.6833333,951.6833333
"Swanton, VT",86059,3005,1.65,1818,5%,C,76,0,5,5,"-73.1137931443242, 44.9202175977176",Catamount,"-73.048714, 44.447395",Sleepy Hollow,"-73.029276, 44.352089",Rikert,"-72.991087, 43.954787",53.18333333,63.81666667,63.81666667
"Lyndonville, VT",52255,3004,2.19,1373,12%,C,76,0,15,15,"-72.0062558046311, 44.5326522396316",Kingdom Trails,"-71.9721384, 44.5729609",Memphremagog,"-72.1832202, 44.9606155",Eastman,"-72.1200467, 43.4982771",8.55,41.71666667,41.71666667
"Barron, WI",5248,2969,1.91,1551,7%,C,76,0,0,0,"-91.852865939319, 45.4015783168293",CIty Parks?,"-93.2650108, 44.977753",Eldora,"-105.5826786, 39.9372203",Devil's Thumb,"-105.7842685, 39.9663313",116.2,957.9166667,957.9166667
"Mount Hood Village, OR",59923,2940,4.26,690,18%,C,76,0,81,81,"-122.00273794908, 45.3610560695668",Teacup Nordic,"-121.6422905, 45.3136991",Mt Bachelor,"-121.405239, 43.9971703",Stevens Pass,"-121.0902877, 47.7451493",34.56666667,165.15,165.15
"Amery, WI",2035,2938,2.06,1424,10%,C,76,0,0,0,"-92.3636201718821, 45.3069435883462",CIty Parks?,"-93.2650108, 44.977753",Eldora,"-105.5826786, 39.9372203",Devil's Thumb,"-105.7842685, 39.9663313",79.45,919.0666667,919.0666667
"Sodus, NY",82792,2935,2.32,1263,7%,C,76,0,1,1,"-77.0479605128329, 43.2289249944119",Osceola Ski and Sport,"-75.7016595, 43.5060069",Parc de la Gatineau,"-75.7724649, 45.4612618",Osceola,"-75.5978854, 43.4627838",117.1166667,265.95,265.95
"Windsor, VT--NH",96292,2929,2.70,1085,9%,C,76,0,12,12,"-72.3990619156565, 43.4592458940274",Woodstock,"-72.518896, 43.623174",Grafton,"-72.6146009, 43.162418",Northfield Mountain,"-72.471313, 42.610827",32.73333333,48.9,48.9
"Nine Mile Falls, WA",63271,2907,4.36,667,23%,C,76,0,8,8,"-117.594817816954, 47.8186931556077",49 Degrees,"-117.5629318, 48.3011041",Mountain Gear,"-117.3226638, 47.678368",SilverStar,"-119.0588591, 50.3597927",62.68333333,51.05,51.05
"Burney, CA",11836,2895,2.06,1405,16%,C,76,17,1,18,"-121.65119891678, 40.891231293978",Mt Shasta,"-122.181241, 41.317558",Royal Gorge,"-120.3891698, 39.3133934",Tahoe Donner,"-120.2534233, 39.3633936",74.61666667,234.5333333,234.5333333
"Skaneateles, NY",82333,2894,2.81,1030,30%,C,76,0,1,1,"-76.4277720259953, 42.9504671017617",Osceola Ski and Sport,"-75.7016595, 43.5060069",Osceola,"-75.5978854, 43.4627838",Parc de la Gatineau,"-75.7724649, 45.4612618",94.56666667,102.5166667,102.5166667
"Deer Park, WA",22852,2884,1.93,1498,11%,C,76,0,14,14,"-117.468550411197, 47.9559019038123",49 Degrees,"-117.5629318, 48.3011041",Mountain Gear,"-117.3226638, 47.678368",SilverStar,"-119.0588591, 50.3597927",47.5,40.38333333,40.38333333
"Homedale, ID",39646,2846,1.10,2580,3%,C,76,0,7,7,"-116.933009566248, 43.6179431858829",Bogus Basin,"-116.2058992, 43.6433908",Jug Mountain,"-116.0479775, 44.8329387",Mountain Gear,"-117.3226638, 47.678368",57.86666667,169.2833333,169.2833333
"Zumbrota, MN",98236,2846,1.87,1520,11%,C,76,0,0,0,"-92.6708719826138, 44.2928707782002",CIty Parks?,"-93.2650108, 44.977753",Eldora,"-105.5826786, 39.9372203",Devil's Thumb,"-105.7842685, 39.9663313",80.2,839.45,839.45
"St. Maries, ID",77797,2830,1.32,2146,9%,C,76,0,4,4,"-116.574422096963, 47.316442355477",Mountain Gear,"-117.3226638, 47.678368",49 Degrees,"-117.5629318, 48.3011041",Jug Mountain,"-116.0479775, 44.8329387",90.66666667,165.8166667,165.8166667
"Montgomery, MN",58627,2816,1.20,2340,16%,C,76,0,0,0,"-93.5788917165484, 44.4413075086077",CIty Parks?,"-93.2650108, 44.977753",Eldora,"-105.5826786, 39.9372203",Devil's Thumb,"-105.7842685, 39.9663313",66.95,823.7166667,823.7166667
"St. Charles, MN",77284,2793,1.65,1694,15%,C,76,0,0,0,"-92.0617487170282, 43.9696607082048",CIty Parks?,"-93.2650108, 44.977753",Eldora,"-105.5826786, 39.9372203",Devil's Thumb,"-105.7842685, 39.9663313",125.05,826.95,826.95
"Rhinebeck, NY",74314,2761,2.00,1383,27%,C,76,11,0,11,"-73.906772727973, 41.9289569134614",Fahnestock,"-73.8246946, 41.4662118",Mohonk Mountain,"-74.1364747, 41.7776369",Mountain Trails,"-74.142554, 42.195406",63.68333333,57.06666667,57.06666667
"Cokato, MN",18505,2735,2.97,920,10%,C,76,0,0,0,"-94.2379377330143, 45.0795056837795",CIty Parks?,"-93.2650108, 44.977753",Eldora,"-105.5826786, 39.9372203",Devil's Thumb,"-105.7842685, 39.9663313",71.23333333,870.2,870.2
"St. Francis, MN",77392,2730,4.84,564,10%,C,76,0,0,0,"-93.3470167521706, 45.3676476268456",CIty Parks?,"-93.2650108, 44.977753",Eldora,"-105.5826786, 39.9372203",Devil's Thumb,"-105.7842685, 39.9663313",46.35,901.4,901.4
"Charlestown, RI",15589,2717,4.19,648,17%,C,76,0,0,0,"-71.6202008720103, 41.3869110566971",Great Brook,"-71.3528633, 42.5564104",Weston,"-71.2679762, 42.3316045",Gunstock,"-71.3588827, 43.550139",141.5333333,111.0833333,111.0833333
"Livermore Falls, ME",50554,2710,2.13,1274,9%,C,76,0,5,5,"-70.1925988466904, 44.4845327531417",Rangeley Lakes,"-70.561212, 44.9557018",Harris Farm,"-70.5744266, 43.5288109",Quarry Road,"-69.6579825, 44.5828526",85.25,117.7833333,117.7833333
"Warrensburg, NY",91891,2708,1.59,1702,6%,C,76,0,5,5,"-73.7805916954354, 43.4951603215975",Mt Van Hoevenberg,"-73.9135195, 44.2244201",Cascade,"-73.9263423, 44.2412103",Garnet Hill Lodge,"-74.1073348, 43.7124281",83.18333333,84.55,84.55
"Weedsport, NY",93565,2694,1.95,1380,9%,C,76,0,1,1,"-76.5910626475312, 43.0425747972191",Osceola Ski and Sport,"-75.7016595, 43.5060069",Osceola,"-75.5978854, 43.4627838",Parc de la Gatineau,"-75.7724649, 45.4612618",91.01666667,98.36666667,98.36666667
"Connell, WA",19666,2674,2.67,1001,9%,C,76,0,0,0,"-118.852195995079, 46.6791633016003",49 Degrees,"-117.5629318, 48.3011041",Methow Trails,"-120.1823871, 48.4762676",Mountain Gear,"-117.3226638, 47.678368",183.05,231,231
"Colfax, WA",18721,2656,1.30,2037,22%,C,76,0,2,2,"-117.364749629725, 46.8809764361802",Mountain Gear,"-117.3226638, 47.678368",49 Degrees,"-117.5629318, 48.3011041",Jug Mountain,"-116.0479775, 44.8329387",78.21666667,151.0333333,151.0333333
"Middlebury, VT",56737,2647,3.42,774,17%,C,76,0,10,10,"-73.164970726078, 44.0125626770398",Sleepy Hollow,"-73.029276, 44.352089",Catamount,"-73.048714, 44.447395",Rikert,"-72.991087, 43.954787",55.95,62.58333333,62.58333333
"Pittsfield, ME",69751,2638,1.81,1458,10%,C,76,0,0,0,"-69.3812952008194, 44.785773463958",Quarry Road,"-69.6579825, 44.5828526",Rangeley Lakes,"-70.561212, 44.9557018",Fort Kent,"-68.5879368, 47.2338001",31.4,128.3,128.3
"Vergennes, VT",90298,2636,2.46,1073,21%,C,76,0,9,9,"-73.2554067878479, 44.1669185362084",Catamount,"-73.048714, 44.447395",Sleepy Hollow,"-73.029276, 44.352089",Rikert,"-72.991087, 43.954787",49.15,42.56666667,42.56666667
"Dryden, NY",24688,2635,3.95,667,21%,C,76,0,1,1,"-76.3073916812971, 42.4931807976566",Osceola Ski and Sport,"-75.7016595, 43.5060069",Osceola,"-75.5978854, 43.4627838",Parc de la Gatineau,"-75.7724649, 45.4612618",119.0166667,126.9666667,126.9666667
"Walton, NY",91567,2631,1.38,1902,6%,C,76,4,0,4,"-75.1302150793578, 42.169726276737",Osceola,"-75.5978854, 43.4627838",Osceola Ski and Sport,"-75.7016595, 43.5060069",Bearpen,"-74.4551101, 42.2837935",167.75,168.3833333,168.3833333
"Granville, NY--VT",34570,2584,1.98,1307,7%,C,76,0,11,11,"-73.264864541814, 43.4110311218103",Prospect,"-73.077599, 42.875404",Pineridge,"-73.4677841, 42.6909853",Notchview,"-73.1588148, 42.4764367",78.98333333,90.71666667,90.71666667
"Greenwich, NY",35515,2475,1.75,1413,14%,C,76,0,6,6,"-73.5106720955303, 43.0943736188226",Pineridge,"-73.4677841, 42.6909853",Notchview,"-73.1588148, 42.4764367",Prospect,"-73.077599, 42.875404",63.01666667,98.03333333,98.03333333
"Charlestown, NH",15562,2364,2.50,945,9%,C,76,0,12,12,"-72.4170266381591, 43.2509387701537",Woodstock,"-72.518896, 43.623174",Grafton,"-72.6146009, 43.162418",Northfield Mountain,"-72.471313, 42.610827",45.93333333,36.53333333,36.53333333
,,,,,,,,,,,,,,,,,,,,
